purpose,preferredIntensity,interestedSportIds,price,preferredEnvironment,avoidFactors,recoveryCondition,purchased_pass_id
취미 탐색,가벼운 웜업 위주,"1,3",30000,실내,땀이 흐를 정도의 중강도,높음/컨디션 양호,1
취미 탐색,살짝 땀이 나는 정도,1,30000,상관없음,끝나면 기진맥진 고강도,높음/컨디션 양호,1
취미 탐색,살짝 땀이 나는 정도,1,30000,실내,끝나면 기진맥진 고강도,평범함,1
취미 탐색,살짝 땀이 나는 정도,3,50000,실외,끝나면 기진맥진 고강도,평범함,1
취미 탐색,가벼운 웜업 위주,"1,3",50000,실외,"땀이 흐를 정도의 중강도,끝나면 기진맥진 고강도",평범함,1
취미 탐색,가벼운 웜업 위주,1,10000,실내,"땀이 흐를 정도의 중강도,끝나면 기진맥진 고강도",높음/컨디션 양호,1
취미 탐색,살짝 땀이 나는 정도,3,50000,실내,땀이 흐를 정도의 중강도,평범함,1
취미 탐색,가벼운 웜업 위주,3,30000,실내,"땀이 흐를 정도의 중강도,끝나면 기진맥진 고강도",평범함,1
취미 탐색,가벼운 웜업 위주,"1,3",30000,실내,"땀이 흐를 정도의 중강도,끝나면 기진맥진 고강도",매우 지침/피로함,1
스트레스 해소,끝나면 기진맥진 고강도,"8,7",100000,실외,가벼운 웜업 위주,매우 지침/피로함,1
취미 탐색,가벼운 웜업 위주,"1,3",30000,실내,땀이 흐를 정도의 중강도,높음/컨디션 양호,1
취미 탐색,살짝 땀이 나는 정도,3,30000,실내,땀이 흐를 정도의 중강도,높음/컨디션 양호,1
취미 탐색,살짝 땀이 나는 정도,3,30000,실내,"땀이 흐를 정도의 중강도,끝나면 기진맥진 고강도",평범함,1
취미 탐색,가벼운 웜업 위주,"1,3",30000,실내,끝나면 기진맥진 고강도,평범함,1
취미 탐색,가벼운 웜업 위주,3,50000,실내,끝나면 기진맥진 고강도,평범함,1
취미 탐색,끝나면 기진맥진 고강도,9,70000,상관없음,,높음/컨디션 양호,1
"회복(통증완화, 재활 등)",땀이 흐를 정도의 중강도,5,70000,실외,,매우 지침/피로함,1
취미 탐색,가벼운 웜업 위주,1,30000,실내,땀이 흐를 정도의 중강도,평범함,1
취미 탐색,가벼운 웜업 위주,"1,3",30000,실내,땀이 흐를 정도의 중강도,평범함,1
취미 탐색,살짝 땀이 나는 정도,3,30000,실내,끝나면 기진맥진 고강도,높음/컨디션 양호,1
취미 탐색,살짝 땀이 나는 정도,1,30000,실내,땀이 흐를 정도의 중강도,평범함,1
"회복(통증완화, 재활 등)",끝나면 기진맥진 고강도,"6,4",100000,실내,,높음/컨디션 양호,1
취미 탐색,살짝 땀이 나는 정도,"9,6",10000,실외,,평범함,1
취미 탐색,살짝 땀이 나는 정도,3,30000,실외,땀이 흐를 정도의 중강도,평범함,1
취미 탐색,가벼운 웜업 위주,3,30000,실내,"땀이 흐를 정도의 중강도,끝나면 기진맥진 고강도",평범함,1
다이어트,끝나면 기진맥진 고강도,4,100000,실내,,높음/컨디션 양호,1
취미 탐색,살짝 땀이 나는 정도,"1,3",50000,실내,끝나면 기진맥진 고강도,평범함,1
취미 탐색,살짝 땀이 나는 정도,1,30000,실내,땀이 흐를 정도의 중강도,높음/컨디션 양호,1
취미 탐색,살짝 땀이 나는 정도,"1,3",50000,실내,끝나면 기진맥진 고강도,높음/컨디션 양호,1
취미 탐색,가벼운 웜업 위주,"1,3",30000,실내,끝나면 기진맥진 고강도,평범함,1
취미 탐색,가벼운 웜업 위주,1,30000,실내,땀이 흐를 정도의 중강도,평범함,1
취미 탐색,끝나면 기진맥진 고강도,"6,3",70000,상관없음,가벼운 웜업 위주,매우 지침/피로함,1
"회복(통증완화, 재활 등)",땀이 흐를 정도의 중강도,"4,2",10000,실외,,매우 지침/피로함,1
취미 탐색,살짝 땀이 나는 정도,"1,3",70000,실외,땀이 흐를 정도의 중강도,평범함,1
다이어트,살짝 땀이 나는 정도,"6,7",100000,실내,,매우 지침/피로함,2
취미 탐색,땀이 흐를 정도의 중강도,3,10000,실외,,매우 지침/피로함,2
취미 탐색,땀이 흐를 정도의 중강도,"5,3",100000,실외,,높음/컨디션 양호,2
다이어트,끝나면 기진맥진 고강도,"1,5",30000,실내,가벼운 웜업 위주,높음/컨디션 양호,2
다이어트,끝나면 기진맥진 고강도,"1,5",30000,실내,,평범함,2
다이어트,끝나면 기진맥진 고강도,"1,5",50000,상관없음,,평범함,2
다이어트,끝나면 기진맥진 고강도,"1,5",30000,실내,가벼운 웜업 위주,평범함,2
다이어트,끝나면 기진맥진 고강도,"1,5",50000,실내,,높음/컨디션 양호,2
다이어트,끝나면 기진맥진 고강도,5,50000,실내,,높음/컨디션 양호,2
다이어트,끝나면 기진맥진 고강도,5,30000,실내,,높음/컨디션 양호,2
다이어트,끝나면 기진맥진 고강도,5,30000,상관없음,,매우 지침/피로함,2
다이어트,끝나면 기진맥진 고강도,"1,5",30000,실내,가벼운 웜업 위주,높음/컨디션 양호,2
다이어트,가벼운 웜업 위주,"9,8",100000,실내,가벼운 웜업 위주,평범함,2
다이어트,끝나면 기진맥진 고강도,"1,5",50000,실외,가벼운 웜업 위주,평범함,2
다이어트,끝나면 기진맥진 고강도,"1,5",30000,상관없음,,높음/컨디션 양호,2
취미 탐색,살짝 땀이 나는 정도,"4,3",100000,실내,,매우 지침/피로함,2
다이어트,끝나면 기진맥진 고강도,1,50000,실내,,평범함,2
다이어트,끝나면 기진맥진 고강도,"1,5",30000,실외,,높음/컨디션 양호,2
취미 탐색,땀이 흐를 정도의 중강도,3,70000,실외,,평범함,2
다이어트,끝나면 기진맥진 고강도,"1,5",70000,실내,가벼운 웜업 위주,평범함,2
다이어트,끝나면 기진맥진 고강도,1,50000,실내,가벼운 웜업 위주,높음/컨디션 양호,2
다이어트,끝나면 기진맥진 고강도,1,50000,실내,,평범함,2
다이어트,끝나면 기진맥진 고강도,1,10000,실내,,높음/컨디션 양호,2
다이어트,끝나면 기진맥진 고강도,"1,5",30000,실내,가벼운 웜업 위주,매우 지침/피로함,2
다이어트,끝나면 기진맥진 고강도,1,30000,상관없음,가벼운 웜업 위주,평범함,2
다이어트,끝나면 기진맥진 고강도,"1,5",10000,실내,가벼운 웜업 위주,높음/컨디션 양호,2
다이어트,끝나면 기진맥진 고강도,"1,5",50000,실내,가벼운 웜업 위주,높음/컨디션 양호,2
다이어트,끝나면 기진맥진 고강도,"1,5",30000,실내,가벼운 웜업 위주,매우 지침/피로함,2
다이어트,가벼운 웜업 위주,"4,2",10000,실외,땀이 흐를 정도의 중강도,높음/컨디션 양호,2
체력 증진,땀이 흐를 정도의 중강도,"9,8",100000,상관없음,,매우 지침/피로함,2
취미 탐색,살짝 땀이 나는 정도,8,70000,실외,,매우 지침/피로함,2
다이어트,끝나면 기진맥진 고강도,5,50000,상관없음,,높음/컨디션 양호,2
다이어트,끝나면 기진맥진 고강도,"1,5",30000,상관없음,가벼운 웜업 위주,평범함,2
다이어트,끝나면 기진맥진 고강도,5,30000,실내,가벼운 웜업 위주,평범함,2
"회복(통증완화, 재활 등)",살짝 땀이 나는 정도,4,50000,실내,끝나면 기진맥진 고강도,평범함,3
"회복(통증완화, 재활 등)",가벼운 웜업 위주,3,50000,실내,땀이 흐를 정도의 중강도,매우 지침/피로함,3
"회복(통증완화, 재활 등)",가벼운 웜업 위주,"3,4",50000,실내,끝나면 기진맥진 고강도,매우 지침/피로함,3
"회복(통증완화, 재활 등)",가벼운 웜업 위주,"3,4",30000,상관없음,끝나면 기진맥진 고강도,평범함,3
"회복(통증완화, 재활 등)",살짝 땀이 나는 정도,4,30000,실내,"땀이 흐를 정도의 중강도,끝나면 기진맥진 고강도",매우 지침/피로함,3
"회복(통증완화, 재활 등)",가벼운 웜업 위주,3,30000,실내,끝나면 기진맥진 고강도,매우 지침/피로함,3
체력 증진,끝나면 기진맥진 고강도,2,70000,실외,"땀이 흐를 정도의 중강도,가벼운 웜업 위주",높음/컨디션 양호,3
체력 증진,땀이 흐를 정도의 중강도,"2,7",70000,실외,가벼운 웜업 위주,매우 지침/피로함,3
"회복(통증완화, 재활 등)",살짝 땀이 나는 정도,"3,4",30000,실내,땀이 흐를 정도의 중강도,매우 지침/피로함,3
"회복(통증완화, 재활 등)",가벼운 웜업 위주,3,50000,실내,끝나면 기진맥진 고강도,평범함,3
"회복(통증완화, 재활 등)",살짝 땀이 나는 정도,4,50000,실내,땀이 흐를 정도의 중강도,매우 지침/피로함,3
"회복(통증완화, 재활 등)",가벼운 웜업 위주,"3,4",100000,실내,끝나면 기진맥진 고강도,평범함,3
"회복(통증완화, 재활 등)",땀이 흐를 정도의 중강도,2,70000,실외,,높음/컨디션 양호,3
"회복(통증완화, 재활 등)",살짝 땀이 나는 정도,"3,4",50000,실내,끝나면 기진맥진 고강도,평범함,3
취미 탐색,끝나면 기진맥진 고강도,8,70000,실내,끝나면 기진맥진 고강도,매우 지침/피로함,3
"회복(통증완화, 재활 등)",살짝 땀이 나는 정도,3,50000,상관없음,땀이 흐를 정도의 중강도,평범함,3
"회복(통증완화, 재활 등)",가벼운 웜업 위주,"3,4",50000,실내,끝나면 기진맥진 고강도,매우 지침/피로함,3
"회복(통증완화, 재활 등)",가벼운 웜업 위주,3,30000,실내,"땀이 흐를 정도의 중강도,끝나면 기진맥진 고강도",평범함,3
"회복(통증완화, 재활 등)",가벼운 웜업 위주,"3,4",50000,상관없음,땀이 흐를 정도의 중강도,평범함,3
"회복(통증완화, 재활 등)",끝나면 기진맥진 고강도,"7,9",30000,실외,"땀이 흐를 정도의 중강도,끝나면 기진맥진 고강도",매우 지침/피로함,3
"회복(통증완화, 재활 등)",살짝 땀이 나는 정도,"3,4",50000,실내,땀이 흐를 정도의 중강도,매우 지침/피로함,3
"회복(통증완화, 재활 등)",살짝 땀이 나는 정도,4,30000,실외,끝나면 기진맥진 고강도,평범함,3
"회복(통증완화, 재활 등)",살짝 땀이 나는 정도,"3,4",70000,실내,땀이 흐를 정도의 중강도,평범함,3
"회복(통증완화, 재활 등)",살짝 땀이 나는 정도,"3,4",70000,실내,땀이 흐를 정도의 중강도,매우 지침/피로함,3
"회복(통증완화, 재활 등)",가벼운 웜업 위주,3,50000,실내,땀이 흐를 정도의 중강도,평범함,3
"회복(통증완화, 재활 등)",살짝 땀이 나는 정도,"3,4",70000,실내,땀이 흐를 정도의 중강도,매우 지침/피로함,3
다이어트,땀이 흐를 정도의 중강도,7,10000,상관없음,끝나면 기진맥진 고강도,평범함,3
다이어트,땀이 흐를 정도의 중강도,"7,6",10000,실내,,높음/컨디션 양호,3
체력 증진,끝나면 기진맥진 고강도,"1,6",10000,실내,,평범함,3
취미 탐색,끝나면 기진맥진 고강도,"7,8",100000,실외,"땀이 흐를 정도의 중강도,가벼운 웜업 위주",높음/컨디션 양호,3
"회복(통증완화, 재활 등)",가벼운 웜업 위주,3,70000,실내,땀이 흐를 정도의 중강도,평범함,3
"회복(통증완화, 재활 등)",살짝 땀이 나는 정도,3,30000,실내,"땀이 흐를 정도의 중강도,끝나면 기진맥진 고강도",평범함,3
"회복(통증완화, 재활 등)",살짝 땀이 나는 정도,4,10000,실내,끝나면 기진맥진 고강도,평범함,3
"회복(통증완화, 재활 등)",가벼운 웜업 위주,"3,4",50000,상관없음,땀이 흐를 정도의 중강도,평범함,3
취미 탐색,땀이 흐를 정도의 중강도,"2,3",30000,상관없음,끝나면 기진맥진 고강도,평범함,4
스트레스 해소,살짝 땀이 나는 정도,6,50000,실외,끝나면 기진맥진 고강도,높음/컨디션 양호,4
스트레스 해소,가벼운 웜업 위주,4,30000,실내,땀이 흐를 정도의 중강도,평범함,4
취미 탐색,살짝 땀이 나는 정도,"5,1",100000,실내,,평범함,4
스트레스 해소,살짝 땀이 나는 정도,6,10000,상관없음,땀이 흐를 정도의 중강도,높음/컨디션 양호,4
스트레스 해소,살짝 땀이 나는 정도,4,50000,실내,"땀이 흐를 정도의 중강도,끝나면 기진맥진 고강도",높음/컨디션 양호,4
스트레스 해소,살짝 땀이 나는 정도,4,30000,상관없음,끝나면 기진맥진 고강도,높음/컨디션 양호,4
스트레스 해소,가벼운 웜업 위주,4,30000,실외,끝나면 기진맥진 고강도,평범함,4
스트레스 해소,가벼운 웜업 위주,"6,4",30000,실외,끝나면 기진맥진 고강도,높음/컨디션 양호,4
"회복(통증완화, 재활 등)",땀이 흐를 정도의 중강도,"3,1",10000,상관없음,,매우 지침/피로함,4
스트레스 해소,살짝 땀이 나는 정도,4,30000,상관없음,땀이 흐를 정도의 중강도,평범함,4
스트레스 해소,살짝 땀이 나는 정도,6,50000,실내,땀이 흐를 정도의 중강도,높음/컨디션 양호,4
스트레스 해소,살짝 땀이 나는 정도,6,30000,실내,끝나면 기진맥진 고강도,평범함,4
스트레스 해소,살짝 땀이 나는 정도,4,50000,실내,땀이 흐를 정도의 중강도,높음/컨디션 양호,4
"회복(통증완화, 재활 등)",끝나면 기진맥진 고강도,"8,7",70000,실외,,높음/컨디션 양호,4
스트레스 해소,가벼운 웜업 위주,"6,4",30000,실내,끝나면 기진맥진 고강도,높음/컨디션 양호,4
스트레스 해소,살짝 땀이 나는 정도,"6,4",50000,실내,땀이 흐를 정도의 중강도,평범함,4
스트레스 해소,땀이 흐를 정도의 중강도,2,10000,실내,,높음/컨디션 양호,4
스트레스 해소,살짝 땀이 나는 정도,4,100000,실외,땀이 흐를 정도의 중강도,평범함,4
스트레스 해소,살짝 땀이 나는 정도,4,50000,실내,끝나면 기진맥진 고강도,높음/컨디션 양호,4
취미 탐색,살짝 땀이 나는 정도,1,70000,실외,,평범함,4
스트레스 해소,살짝 땀이 나는 정도,"6,4",30000,실내,끝나면 기진맥진 고강도,평범함,4
스트레스 해소,가벼운 웜업 위주,4,50000,실내,끝나면 기진맥진 고강도,평범함,4
스트레스 해소,살짝 땀이 나는 정도,4,50000,실내,끝나면 기진맥진 고강도,평범함,4
스트레스 해소,가벼운 웜업 위주,6,50000,실내,끝나면 기진맥진 고강도,높음/컨디션 양호,4
스트레스 해소,살짝 땀이 나는 정도,4,30000,상관없음,땀이 흐를 정도의 중강도,높음/컨디션 양호,4
스트레스 해소,가벼운 웜업 위주,4,50000,실외,땀이 흐를 정도의 중강도,평범함,4
스트레스 해소,살짝 땀이 나는 정도,4,50000,실내,"땀이 흐를 정도의 중강도,끝나면 기진맥진 고강도",평범함,4
스트레스 해소,살짝 땀이 나는 정도,6,50000,상관없음,끝나면 기진맥진 고강도,높음/컨디션 양호,4
스트레스 해소,가벼운 웜업 위주,6,30000,상관없음,땀이 흐를 정도의 중강도,높음/컨디션 양호,4
스트레스 해소,가벼운 웜업 위주,6,30000,실외,끝나면 기진맥진 고강도,높음/컨디션 양호,4
스트레스 해소,살짝 땀이 나는 정도,4,50000,실내,끝나면 기진맥진 고강도,높음/컨디션 양호,4
스트레스 해소,살짝 땀이 나는 정도,"6,4",50000,상관없음,끝나면 기진맥진 고강도,평범함,4
스트레스 해소,가벼운 웜업 위주,4,30000,실외,땀이 흐를 정도의 중강도,평범함,4
체력 증진,땀이 흐를 정도의 중강도,1,30000,실내,,평범함,5
체력 증진,땀이 흐를 정도의 중강도,1,50000,실내,끝나면 기진맥진 고강도,높음/컨디션 양호,5
체력 증진,땀이 흐를 정도의 중강도,"1,2",100000,상관없음,,평범함,5
체력 증진,땀이 흐를 정도의 중강도,2,100000,실내,,평범함,5
체력 증진,땀이 흐를 정도의 중강도,2,30000,실내,끝나면 기진맥진 고강도,높음/컨디션 양호,5
취미 탐색,살짝 땀이 나는 정도,5,70000,실내,"끝나면 기진맥진 고강도,가벼운 웜업 위주",높음/컨디션 양호,5
체력 증진,땀이 흐를 정도의 중강도,1,30000,실내,끝나면 기진맥진 고강도,평범함,5
체력 증진,땀이 흐를 정도의 중강도,"1,2",50000,실내,끝나면 기진맥진 고강도,평범함,5
체력 증진,가벼운 웜업 위주,7,10000,실내,,높음/컨디션 양호,5
체력 증진,땀이 흐를 정도의 중강도,"1,2",50000,실내,끝나면 기진맥진 고강도,높음/컨디션 양호,5
취미 탐색,살짝 땀이 나는 정도,"9,6",100000,실외,,평범함,5
체력 증진,땀이 흐를 정도의 중강도,2,30000,실외,끝나면 기진맥진 고강도,높음/컨디션 양호,5
체력 증진,땀이 흐를 정도의 중강도,2,30000,상관없음,,높음/컨디션 양호,5
체력 증진,땀이 흐를 정도의 중강도,2,30000,실내,끝나면 기진맥진 고강도,높음/컨디션 양호,5
체력 증진,가벼운 웜업 위주,"5,4",70000,실외,,평범함,5
체력 증진,가벼운 웜업 위주,6,30000,실외,,매우 지침/피로함,5
"회복(통증완화, 재활 등)",살짝 땀이 나는 정도,7,70000,실내,,매우 지침/피로함,5
체력 증진,땀이 흐를 정도의 중강도,"1,2",30000,실내,,평범함,5
체력 증진,땀이 흐를 정도의 중강도,1,50000,실내,끝나면 기진맥진 고강도,평범함,5
체력 증진,땀이 흐를 정도의 중강도,1,50000,실내,,평범함,5
체력 증진,땀이 흐를 정도의 중강도,"1,2",50000,상관없음,끝나면 기진맥진 고강도,평범함,5
다이어트,살짝 땀이 나는 정도,3,100000,실외,,평범함,5
체력 증진,땀이 흐를 정도의 중강도,"1,2",50000,상관없음,,높음/컨디션 양호,5
체력 증진,땀이 흐를 정도의 중강도,"1,2",50000,실내,끝나면 기진맥진 고강도,높음/컨디션 양호,5
스트레스 해소,끝나면 기진맥진 고강도,5,10000,실내,,매우 지침/피로함,5
다이어트,살짝 땀이 나는 정도,6,50000,실외,끝나면 기진맥진 고강도,평범함,5
체력 증진,가벼운 웜업 위주,4,10000,실내,,평범함,5
체력 증진,땀이 흐를 정도의 중강도,"1,2",50000,실내,끝나면 기진맥진 고강도,평범함,5
체력 증진,땀이 흐를 정도의 중강도,1,50000,실내,끝나면 기진맥진 고강도,높음/컨디션 양호,5
취미 탐색,가벼운 웜업 위주,"8,5",100000,실내,땀이 흐를 정도의 중강도,평범함,5
체력 증진,땀이 흐를 정도의 중강도,1,50000,실내,,높음/컨디션 양호,5
"회복(통증완화, 재활 등)",끝나면 기진맥진 고강도,3,50000,상관없음,,높음/컨디션 양호,5
체력 증진,땀이 흐를 정도의 중강도,"1,2",30000,실내,,평범함,5
체력 증진,땀이 흐를 정도의 중강도,"1,2",50000,실내,,평범함,5
다이어트,땀이 흐를 정도의 중강도,"1,6",30000,실내,끝나면 기진맥진 고강도,높음/컨디션 양호,6
다이어트,살짝 땀이 나는 정도,"7,9",100000,실내,땀이 흐를 정도의 중강도,평범함,6
다이어트,끝나면 기진맥진 고강도,2,30000,상관없음,,평범함,6
다이어트,땀이 흐를 정도의 중강도,1,30000,실내,끝나면 기진맥진 고강도,높음/컨디션 양호,6
스트레스 해소,살짝 땀이 나는 정도,3,50000,상관없음,"땀이 흐를 정도의 중강도,가벼운 웜업 위주",높음/컨디션 양호,6
스트레스 해소,가벼운 웜업 위주,"7,3",100000,상관없음,,높음/컨디션 양호,6
다이어트,땀이 흐를 정도의 중강도,"1,6",50000,실내,,평범함,6
다이어트,땀이 흐를 정도의 중강도,6,50000,상관없음,끝나면 기진맥진 고강도,평범함,6
다이어트,땀이 흐를 정도의 중강도,1,50000,상관없음,끝나면 기진맥진 고강도,평범함,6
다이어트,땀이 흐를 정도의 중강도,6,50000,실내,끝나면 기진맥진 고강도,평범함,6
다이어트,땀이 흐를 정도의 중강도,1,50000,상관없음,끝나면 기진맥진 고강도,높음/컨디션 양호,6
다이어트,땀이 흐를 정도의 중강도,"1,6",70000,실내,,높음/컨디션 양호,6
다이어트,가벼운 웜업 위주,5,10000,실외,"가벼운 웜업 위주,땀이 흐를 정도의 중강도",매우 지침/피로함,6
다이어트,땀이 흐를 정도의 중강도,6,30000,실내,끝나면 기진맥진 고강도,높음/컨디션 양호,6
다이어트,땀이 흐를 정도의 중강도,"1,6",50000,실내,끝나면 기진맥진 고강도,높음/컨디션 양호,6
다이어트,땀이 흐를 정도의 중강도,6,50000,실외,,높음/컨디션 양호,6
다이어트,땀이 흐를 정도의 중강도,6,50000,상관없음,,높음/컨디션 양호,6
다이어트,땀이 흐를 정도의 중강도,1,30000,실내,,평범함,6
다이어트,땀이 흐를 정도의 중강도,"1,6",50000,실외,끝나면 기진맥진 고강도,평범함,6
다이어트,끝나면 기진맥진 고강도,5,70000,실외,,매우 지침/피로함,6
"회복(통증완화, 재활 등)",끝나면 기진맥진 고강도,9,100000,실내,끝나면 기진맥진 고강도,높음/컨디션 양호,6
다이어트,땀이 흐를 정도의 중강도,"1,6",30000,실내,끝나면 기진맥진 고강도,높음/컨디션 양호,6
다이어트,땀이 흐를 정도의 중강도,6,30000,실내,끝나면 기진맥진 고강도,매우 지침/피로함,6
다이어트,가벼운 웜업 위주,7,50000,실외,가벼운 웜업 위주,평범함,6
스트레스 해소,가벼운 웜업 위주,"5,4",50000,상관없음,,높음/컨디션 양호,6
다이어트,땀이 흐를 정도의 중강도,6,50000,실내,,높음/컨디션 양호,6
다이어트,땀이 흐를 정도의 중강도,1,50000,실내,,높음/컨디션 양호,6
다이어트,땀이 흐를 정도의 중강도,6,30000,실내,끝나면 기진맥진 고강도,평범함,6
다이어트,땀이 흐를 정도의 중강도,1,50000,실내,,높음/컨디션 양호,6
다이어트,땀이 흐를 정도의 중강도,1,50000,상관없음,,높음/컨디션 양호,6
다이어트,땀이 흐를 정도의 중강도,"1,6",10000,실외,끝나면 기진맥진 고강도,높음/컨디션 양호,6
체력 증진,가벼운 웜업 위주,"8,3",50000,실내,,높음/컨디션 양호,6
다이어트,땀이 흐를 정도의 중강도,"1,6",50000,실내,,평범함,6
다이어트,땀이 흐를 정도의 중강도,"1,6",50000,실내,,높음/컨디션 양호,6
체력 증진,끝나면 기진맥진 고강도,"1,2",30000,실내,가벼운 웜업 위주,평범함,7
다이어트,가벼운 웜업 위주,"4,1",70000,실외,끝나면 기진맥진 고강도,높음/컨디션 양호,7
체력 증진,끝나면 기진맥진 고강도,"1,2",30000,실내,,높음/컨디션 양호,7
체력 증진,끝나면 기진맥진 고강도,2,50000,실내,가벼운 웜업 위주,높음/컨디션 양호,7
취미 탐색,땀이 흐를 정도의 중강도,6,100000,실내,끝나면 기진맥진 고강도,매우 지침/피로함,7
체력 증진,끝나면 기진맥진 고강도,2,30000,실내,가벼운 웜업 위주,평범함,7
체력 증진,끝나면 기진맥진 고강도,1,50000,실내,가벼운 웜업 위주,매우 지침/피로함,7
체력 증진,끝나면 기진맥진 고강도,"1,2",30000,상관없음,,평범함,7
체력 증진,끝나면 기진맥진 고강도,2,50000,실내,,높음/컨디션 양호,7
체력 증진,끝나면 기진맥진 고강도,1,30000,상관없음,가벼운 웜업 위주,높음/컨디션 양호,7
스트레스 해소,가벼운 웜업 위주,8,70000,실외,"땀이 흐를 정도의 중강도,가벼운 웜업 위주",높음/컨디션 양호,7
체력 증진,살짝 땀이 나는 정도,"4,7",100000,실내,"땀이 흐를 정도의 중강도,끝나면 기진맥진 고강도",높음/컨디션 양호,7
체력 증진,끝나면 기진맥진 고강도,2,30000,상관없음,,높음/컨디션 양호,7
체력 증진,끝나면 기진맥진 고강도,"1,2",10000,실내,가벼운 웜업 위주,높음/컨디션 양호,7
체력 증진,끝나면 기진맥진 고강도,1,30000,실내,가벼운 웜업 위주,평범함,7
체력 증진,끝나면 기진맥진 고강도,1,50000,실내,가벼운 웜업 위주,매우 지침/피로함,7
체력 증진,끝나면 기진맥진 고강도,2,30000,상관없음,,높음/컨디션 양호,7
체력 증진,끝나면 기진맥진 고강도,1,50000,상관없음,,평범함,7
스트레스 해소,살짝 땀이 나는 정도,6,30000,실외,땀이 흐를 정도의 중강도,매우 지침/피로함,7
체력 증진,끝나면 기진맥진 고강도,"1,2",30000,실내,,높음/컨디션 양호,7
체력 증진,끝나면 기진맥진 고강도,2,10000,상관없음,가벼운 웜업 위주,높음/컨디션 양호,7
체력 증진,끝나면 기진맥진 고강도,1,30000,실외,가벼운 웜업 위주,평범함,7
체력 증진,끝나면 기진맥진 고강도,2,30000,실내,가벼운 웜업 위주,높음/컨디션 양호,7
체력 증진,끝나면 기진맥진 고강도,"1,2",100000,실내,,높음/컨디션 양호,7
체력 증진,끝나면 기진맥진 고강도,"1,2",50000,실내,,평범함,7
취미 탐색,땀이 흐를 정도의 중강도,"7,1",100000,상관없음,,평범함,7
체력 증진,끝나면 기진맥진 고강도,2,30000,실내,,매우 지침/피로함,7
스트레스 해소,땀이 흐를 정도의 중강도,"8,9",100000,실외,,높음/컨디션 양호,7
체력 증진,끝나면 기진맥진 고강도,1,30000,실내,가벼운 웜업 위주,평범함,7
체력 증진,끝나면 기진맥진 고강도,"1,2",30000,실내,,평범함,7
체력 증진,끝나면 기진맥진 고강도,"1,2",50000,상관없음,,평범함,7
체력 증진,끝나면 기진맥진 고강도,2,50000,실내,,평범함,7
체력 증진,가벼운 웜업 위주,4,70000,실외,,평범함,7
체력 증진,끝나면 기진맥진 고강도,"1,2",30000,실내,,높음/컨디션 양호,7
체력 증진,땀이 흐를 정도의 중강도,"5,3",10000,실내,끝나면 기진맥진 고강도,평범함,8
체력 증진,땀이 흐를 정도의 중강도,"5,3",10000,상관없음,,평범함,8
체력 증진,땀이 흐를 정도의 중강도,"5,3",30000,실내,끝나면 기진맥진 고강도,매우 지침/피로함,8
체력 증진,땀이 흐를 정도의 중강도,5,50000,상관없음,끝나면 기진맥진 고강도,높음/컨디션 양호,8
체력 증진,땀이 흐를 정도의 중강도,"5,3",30000,실외,끝나면 기진맥진 고강도,평범함,8
"회복(통증완화, 재활 등)",끝나면 기진맥진 고강도,6,30000,상관없음,땀이 흐를 정도의 중강도,매우 지침/피로함,8
체력 증진,땀이 흐를 정도의 중강도,5,50000,실내,끝나면 기진맥진 고강도,높음/컨디션 양호,8
체력 증진,땀이 흐를 정도의 중강도,5,50000,실내,끝나면 기진맥진 고강도,매우 지침/피로함,8
체력 증진,땀이 흐를 정도의 중강도,3,10000,실내,끝나면 기진맥진 고강도,평범함,8
체력 증진,땀이 흐를 정도의 중강도,"5,3",50000,실내,끝나면 기진맥진 고강도,높음/컨디션 양호,8
스트레스 해소,가벼운 웜업 위주,"6,7",10000,실내,,높음/컨디션 양호,8
체력 증진,땀이 흐를 정도의 중강도,3,10000,실내,끝나면 기진맥진 고강도,높음/컨디션 양호,8
체력 증진,땀이 흐를 정도의 중강도,5,30000,실내,끝나면 기진맥진 고강도,높음/컨디션 양호,8
체력 증진,땀이 흐를 정도의 중강도,5,50000,실내,끝나면 기진맥진 고강도,높음/컨디션 양호,8
체력 증진,땀이 흐를 정도의 중강도,"5,3",70000,실외,,평범함,8
체력 증진,땀이 흐를 정도의 중강도,3,50000,실내,끝나면 기진맥진 고강도,평범함,8
체력 증진,살짝 땀이 나는 정도,8,10000,실외,끝나면 기진맥진 고강도,높음/컨디션 양호,8
체력 증진,땀이 흐를 정도의 중강도,5,50000,실내,끝나면 기진맥진 고강도,매우 지침/피로함,8
체력 증진,땀이 흐를 정도의 중강도,"5,3",30000,상관없음,,높음/컨디션 양호,8
체력 증진,땀이 흐를 정도의 중강도,5,70000,상관없음,끝나면 기진맥진 고강도,높음/컨디션 양호,8
체력 증진,땀이 흐를 정도의 중강도,"5,3",70000,실내,끝나면 기진맥진 고강도,매우 지침/피로함,8
체력 증진,땀이 흐를 정도의 중강도,3,50000,상관없음,끝나면 기진맥진 고강도,높음/컨디션 양호,8
체력 증진,땀이 흐를 정도의 중강도,3,30000,실외,,평범함,8
취미 탐색,가벼운 웜업 위주,"7,8",100000,상관없음,,평범함,8
체력 증진,땀이 흐를 정도의 중강도,"5,3",30000,실내,,평범함,8
체력 증진,땀이 흐를 정도의 중강도,5,30000,실내,끝나면 기진맥진 고강도,평범함,8
체력 증진,땀이 흐를 정도의 중강도,3,50000,상관없음,끝나면 기진맥진 고강도,높음/컨디션 양호,8
체력 증진,땀이 흐를 정도의 중강도,"5,3",50000,실내,,높음/컨디션 양호,8
체력 증진,살짝 땀이 나는 정도,"6,9",30000,상관없음,,높음/컨디션 양호,8
체력 증진,땀이 흐를 정도의 중강도,5,50000,실내,끝나면 기진맥진 고강도,높음/컨디션 양호,8
체력 증진,땀이 흐를 정도의 중강도,"5,3",10000,실외,끝나면 기진맥진 고강도,평범함,8
체력 증진,땀이 흐를 정도의 중강도,3,50000,상관없음,,평범함,8
체력 증진,땀이 흐를 정도의 중강도,"5,3",50000,실내,,매우 지침/피로함,8
체력 증진,땀이 흐를 정도의 중강도,"5,3",100000,실외,끝나면 기진맥진 고강도,높음/컨디션 양호,8
취미 탐색,땀이 흐를 정도의 중강도,7,30000,실외,끝나면 기진맥진 고강도,매우 지침/피로함,9
취미 탐색,땀이 흐를 정도의 중강도,7,30000,실외,끝나면 기진맥진 고강도,평범함,9
취미 탐색,땀이 흐를 정도의 중강도,4,50000,상관없음,끝나면 기진맥진 고강도,평범함,9
취미 탐색,끝나면 기진맥진 고강도,"8,5",100000,실내,가벼운 웜업 위주,평범함,9
취미 탐색,땀이 흐를 정도의 중강도,4,50000,실외,끝나면 기진맥진 고강도,매우 지침/피로함,9
취미 탐색,땀이 흐를 정도의 중강도,"7,4",50000,실외,,평범함,9
취미 탐색,땀이 흐를 정도의 중강도,7,10000,상관없음,끝나면 기진맥진 고강도,평범함,9
취미 탐색,땀이 흐를 정도의 중강도,7,30000,상관없음,끝나면 기진맥진 고강도,매우 지침/피로함,9
취미 탐색,땀이 흐를 정도의 중강도,"7,4",50000,상관없음,,평범함,9
취미 탐색,끝나면 기진맥진 고강도,"8,3",100000,상관없음,땀이 흐를 정도의 중강도,매우 지침/피로함,9
취미 탐색,살짝 땀이 나는 정도,"2,8",50000,상관없음,,매우 지침/피로함,9
취미 탐색,땀이 흐를 정도의 중강도,4,30000,상관없음,끝나면 기진맥진 고강도,평범함,9
취미 탐색,땀이 흐를 정도의 중강도,"7,4",50000,상관없음,끝나면 기진맥진 고강도,평범함,9
취미 탐색,땀이 흐를 정도의 중강도,4,100000,실내,끝나면 기진맥진 고강도,높음/컨디션 양호,9
체력 증진,끝나면 기진맥진 고강도,9,50000,실내,,높음/컨디션 양호,9
취미 탐색,땀이 흐를 정도의 중강도,7,30000,실내,끝나면 기진맥진 고강도,높음/컨디션 양호,9
취미 탐색,땀이 흐를 정도의 중강도,"7,4",50000,상관없음,,평범함,9
취미 탐색,땀이 흐를 정도의 중강도,7,30000,상관없음,끝나면 기진맥진 고강도,평범함,9
취미 탐색,땀이 흐를 정도의 중강도,"7,4",30000,상관없음,끝나면 기진맥진 고강도,높음/컨디션 양호,9
취미 탐색,땀이 흐를 정도의 중강도,4,50000,상관없음,,높음/컨디션 양호,9
취미 탐색,땀이 흐를 정도의 중강도,7,30000,상관없음,끝나면 기진맥진 고강도,평범함,9
취미 탐색,땀이 흐를 정도의 중강도,"7,4",30000,상관없음,끝나면 기진맥진 고강도,매우 지침/피로함,9
취미 탐색,땀이 흐를 정도의 중강도,"7,4",30000,상관없음,,매우 지침/피로함,9
취미 탐색,땀이 흐를 정도의 중강도,"7,4",30000,상관없음,,매우 지침/피로함,9
취미 탐색,땀이 흐를 정도의 중강도,4,30000,상관없음,끝나면 기진맥진 고강도,평범함,9
취미 탐색,땀이 흐를 정도의 중강도,"7,4",50000,상관없음,,평범함,9
취미 탐색,땀이 흐를 정도의 중강도,"7,4",50000,상관없음,,평범함,9
취미 탐색,땀이 흐를 정도의 중강도,4,30000,실외,,평범함,9
취미 탐색,살짝 땀이 나는 정도,5,10000,실외,"가벼운 웜업 위주,끝나면 기진맥진 고강도",매우 지침/피로함,9
취미 탐색,땀이 흐를 정도의 중강도,7,70000,실외,끝나면 기진맥진 고강도,높음/컨디션 양호,9
취미 탐색,땀이 흐를 정도의 중강도,4,30000,상관없음,끝나면 기진맥진 고강도,평범함,9
취미 탐색,땀이 흐를 정도의 중강도,7,50000,실외,,평범함,9
취미 탐색,땀이 흐를 정도의 중강도,7,30000,실내,끝나면 기진맥진 고강도,매우 지침/피로함,9
취미 탐색,땀이 흐를 정도의 중강도,7,30000,상관없음,끝나면 기진맥진 고강도,평범함,9
체력 증진,땀이 흐를 정도의 중강도,"8,1",30000,상관없음,끝나면 기진맥진 고강도,높음/컨디션 양호,10
체력 증진,땀이 흐를 정도의 중강도,8,50000,상관없음,끝나면 기진맥진 고강도,높음/컨디션 양호,10
체력 증진,땀이 흐를 정도의 중강도,8,50000,상관없음,끝나면 기진맥진 고강도,매우 지침/피로함,10
체력 증진,땀이 흐를 정도의 중강도,8,10000,상관없음,,높음/컨디션 양호,10
체력 증진,땀이 흐를 정도의 중강도,"8,1",50000,상관없음,끝나면 기진맥진 고강도,높음/컨디션 양호,10
체력 증진,땀이 흐를 정도의 중강도,"8,1",50000,상관없음,끝나면 기진맥진 고강도,평범함,10
다이어트,끝나면 기진맥진 고강도,"9,1",70000,실외,가벼운 웜업 위주,높음/컨디션 양호,10
체력 증진,땀이 흐를 정도의 중강도,1,50000,실외,끝나면 기진맥진 고강도,평범함,10
체력 증진,땀이 흐를 정도의 중강도,8,100000,상관없음,끝나면 기진맥진 고강도,평범함,10
체력 증진,땀이 흐를 정도의 중강도,8,10000,실내,,높음/컨디션 양호,10
체력 증진,땀이 흐를 정도의 중강도,8,30000,상관없음,,높음/컨디션 양호,10
체력 증진,땀이 흐를 정도의 중강도,1,50000,실내,,높음/컨디션 양호,10
체력 증진,땀이 흐를 정도의 중강도,1,30000,실내,,높음/컨디션 양호,10
체력 증진,땀이 흐를 정도의 중강도,1,70000,상관없음,끝나면 기진맥진 고강도,높음/컨디션 양호,10
체력 증진,땀이 흐를 정도의 중강도,"8,1",30000,상관없음,끝나면 기진맥진 고강도,평범함,10
체력 증진,땀이 흐를 정도의 중강도,1,30000,실내,끝나면 기진맥진 고강도,높음/컨디션 양호,10
스트레스 해소,가벼운 웜업 위주,3,10000,실외,,매우 지침/피로함,10
체력 증진,땀이 흐를 정도의 중강도,8,50000,실내,끝나면 기진맥진 고강도,평범함,10
체력 증진,땀이 흐를 정도의 중강도,8,30000,상관없음,끝나면 기진맥진 고강도,평범함,10
체력 증진,땀이 흐를 정도의 중강도,"8,1",50000,상관없음,끝나면 기진맥진 고강도,높음/컨디션 양호,10
체력 증진,땀이 흐를 정도의 중강도,"8,1",10000,상관없음,끝나면 기진맥진 고강도,평범함,10
체력 증진,땀이 흐를 정도의 중강도,"8,1",50000,실내,끝나면 기진맥진 고강도,평범함,10
체력 증진,땀이 흐를 정도의 중강도,8,50000,상관없음,끝나면 기진맥진 고강도,매우 지침/피로함,10
체력 증진,땀이 흐를 정도의 중강도,"8,1",50000,상관없음,끝나면 기진맥진 고강도,평범함,10
체력 증진,땀이 흐를 정도의 중강도,8,30000,실내,,평범함,10
체력 증진,땀이 흐를 정도의 중강도,"8,1",50000,실내,끝나면 기진맥진 고강도,높음/컨디션 양호,10
체력 증진,땀이 흐를 정도의 중강도,1,50000,실외,끝나면 기진맥진 고강도,매우 지침/피로함,10
체력 증진,가벼운 웜업 위주,"6,7",10000,실내,"땀이 흐를 정도의 중강도,끝나면 기진맥진 고강도",매우 지침/피로함,10
체력 증진,땀이 흐를 정도의 중강도,1,10000,상관없음,,매우 지침/피로함,10
체력 증진,땀이 흐를 정도의 중강도,"8,1",70000,실외,끝나면 기진맥진 고강도,평범함,10
체력 증진,땀이 흐를 정도의 중강도,8,50000,상관없음,끝나면 기진맥진 고강도,매우 지침/피로함,10
체력 증진,땀이 흐를 정도의 중강도,8,50000,상관없음,끝나면 기진맥진 고강도,매우 지침/피로함,10
체력 증진,땀이 흐를 정도의 중강도,8,50000,상관없음,끝나면 기진맥진 고강도,평범함,10
체력 증진,땀이 흐를 정도의 중강도,1,30000,실내,,평범함,10
취미 탐색,가벼운 웜업 위주,"9,3",50000,상관없음,땀이 흐를 정도의 중강도,평범함,11
취미 탐색,살짝 땀이 나는 정도,9,100000,실내,"땀이 흐를 정도의 중강도,끝나면 기진맥진 고강도",매우 지침/피로함,11
취미 탐색,살짝 땀이 나는 정도,"9,3",30000,실외,끝나면 기진맥진 고강도,높음/컨디션 양호,11
취미 탐색,가벼운 웜업 위주,3,30000,상관없음,땀이 흐를 정도의 중강도,평범함,11
취미 탐색,가벼운 웜업 위주,9,10000,실내,땀이 흐를 정도의 중강도,높음/컨디션 양호,11
취미 탐색,끝나면 기진맥진 고강도,"8,5",100000,실내,,매우 지침/피로함,11
취미 탐색,가벼운 웜업 위주,3,30000,상관없음,끝나면 기진맥진 고강도,높음/컨디션 양호,11
취미 탐색,가벼운 웜업 위주,9,50000,상관없음,땀이 흐를 정도의 중강도,평범함,11
취미 탐색,살짝 땀이 나는 정도,9,30000,실내,땀이 흐를 정도의 중강도,높음/컨디션 양호,11
취미 탐색,살짝 땀이 나는 정도,9,50000,상관없음,끝나면 기진맥진 고강도,평범함,11
취미 탐색,살짝 땀이 나는 정도,"9,3",50000,상관없음,끝나면 기진맥진 고강도,평범함,11
취미 탐색,살짝 땀이 나는 정도,"9,3",30000,상관없음,땀이 흐를 정도의 중강도,높음/컨디션 양호,11
취미 탐색,살짝 땀이 나는 정도,3,50000,상관없음,끝나면 기진맥진 고강도,평범함,11
취미 탐색,살짝 땀이 나는 정도,3,30000,상관없음,끝나면 기진맥진 고강도,평범함,11
"회복(통증완화, 재활 등)",끝나면 기진맥진 고강도,"9,8",100000,실외,,평범함,11
취미 탐색,가벼운 웜업 위주,2,30000,실내,,매우 지침/피로함,11
"회복(통증완화, 재활 등)",땀이 흐를 정도의 중강도,2,70000,상관없음,,평범함,11
취미 탐색,가벼운 웜업 위주,"9,3",50000,상관없음,땀이 흐를 정도의 중강도,평범함,11
취미 탐색,가벼운 웜업 위주,"9,3",30000,상관없음,"땀이 흐를 정도의 중강도,끝나면 기진맥진 고강도",평범함,11
스트레스 해소,가벼운 웜업 위주,"6,8",70000,상관없음,,높음/컨디션 양호,11
취미 탐색,살짝 땀이 나는 정도,"9,3",50000,상관없음,끝나면 기진맥진 고강도,높음/컨디션 양호,11
"회복(통증완화, 재활 등)",땀이 흐를 정도의 중강도,"6,5",10000,실내,,평범함,11
취미 탐색,살짝 땀이 나는 정도,"9,3",30000,상관없음,끝나면 기진맥진 고강도,높음/컨디션 양호,11
취미 탐색,가벼운 웜업 위주,9,30000,상관없음,땀이 흐를 정도의 중강도,평범함,11
취미 탐색,살짝 땀이 나는 정도,3,30000,상관없음,끝나면 기진맥진 고강도,높음/컨디션 양호,11
취미 탐색,가벼운 웜업 위주,"9,3",50000,상관없음,끝나면 기진맥진 고강도,평범함,11
취미 탐색,가벼운 웜업 위주,3,30000,상관없음,땀이 흐를 정도의 중강도,평범함,11
취미 탐색,살짝 땀이 나는 정도,9,30000,상관없음,땀이 흐를 정도의 중강도,평범함,11
취미 탐색,살짝 땀이 나는 정도,"9,3",50000,실내,"땀이 흐를 정도의 중강도,끝나면 기진맥진 고강도",평범함,11
취미 탐색,가벼운 웜업 위주,3,30000,실외,"땀이 흐를 정도의 중강도,끝나면 기진맥진 고강도",평범함,11
취미 탐색,살짝 땀이 나는 정도,9,50000,상관없음,땀이 흐를 정도의 중강도,평범함,11
취미 탐색,살짝 땀이 나는 정도,9,100000,실내,땀이 흐를 정도의 중강도,평범함,11
취미 탐색,살짝 땀이 나는 정도,"9,3",50000,실내,끝나면 기진맥진 고강도,평범함,11
스트레스 해소,땀이 흐를 정도의 중강도,"2,4",50000,실내,,평범함,12
체력 증진,살짝 땀이 나는 정도,3,10000,상관없음,,높음/컨디션 양호,12
스트레스 해소,땀이 흐를 정도의 중강도,4,30000,실내,끝나면 기진맥진 고강도,높음/컨디션 양호,12
스트레스 해소,땀이 흐를 정도의 중강도,"2,4",50000,상관없음,,평범함,12
스트레스 해소,땀이 흐를 정도의 중강도,"2,4",30000,상관없음,,평범함,12
스트레스 해소,땀이 흐를 정도의 중강도,"2,4",50000,실내,,높음/컨디션 양호,12
스트레스 해소,땀이 흐를 정도의 중강도,4,70000,실내,끝나면 기진맥진 고강도,높음/컨디션 양호,12
스트레스 해소,땀이 흐를 정도의 중강도,2,30000,실내,끝나면 기진맥진 고강도,높음/컨디션 양호,12
스트레스 해소,땀이 흐를 정도의 중강도,2,30000,실내,,평범함,12
스트레스 해소,땀이 흐를 정도의 중강도,"2,4",30000,상관없음,끝나면 기진맥진 고강도,높음/컨디션 양호,12
스트레스 해소,살짝 땀이 나는 정도,"8,3",70000,실외,,평범함,12
스트레스 해소,땀이 흐를 정도의 중강도,2,50000,실내,끝나면 기진맥진 고강도,평범함,12
스트레스 해소,땀이 흐를 정도의 중강도,2,50000,실내,,높음/컨디션 양호,12
스트레스 해소,끝나면 기진맥진 고강도,"3,9",10000,실내,,높음/컨디션 양호,12
스트레스 해소,땀이 흐를 정도의 중강도,4,100000,실내,끝나면 기진맥진 고강도,높음/컨디션 양호,12
스트레스 해소,땀이 흐를 정도의 중강도,"2,4",30000,실내,끝나면 기진맥진 고강도,높음/컨디션 양호,12
스트레스 해소,땀이 흐를 정도의 중강도,2,30000,실내,끝나면 기진맥진 고강도,높음/컨디션 양호,12
스트레스 해소,땀이 흐를 정도의 중강도,2,30000,상관없음,,높음/컨디션 양호,12
스트레스 해소,땀이 흐를 정도의 중강도,"2,4",30000,실내,,높음/컨디션 양호,12
스트레스 해소,땀이 흐를 정도의 중강도,2,50000,실내,,평범함,12
스트레스 해소,땀이 흐를 정도의 중강도,2,100000,상관없음,끝나면 기진맥진 고강도,높음/컨디션 양호,12
스트레스 해소,땀이 흐를 정도의 중강도,2,30000,상관없음,,높음/컨디션 양호,12
스트레스 해소,땀이 흐를 정도의 중강도,2,50000,실내,,높음/컨디션 양호,12
스트레스 해소,땀이 흐를 정도의 중강도,2,30000,실내,끝나면 기진맥진 고강도,평범함,12
다이어트,땀이 흐를 정도의 중강도,"6,5",70000,실외,"가벼운 웜업 위주,끝나면 기진맥진 고강도",높음/컨디션 양호,12
스트레스 해소,땀이 흐를 정도의 중강도,"2,4",10000,실내,,평범함,12
"회복(통증완화, 재활 등)",끝나면 기진맥진 고강도,9,70000,실내,가벼운 웜업 위주,평범함,12
스트레스 해소,땀이 흐를 정도의 중강도,2,50000,상관없음,끝나면 기진맥진 고강도,평범함,12
스트레스 해소,땀이 흐를 정도의 중강도,"2,4",50000,실내,끝나면 기진맥진 고강도,평범함,12
다이어트,살짝 땀이 나는 정도,"6,3",10000,실외,,평범함,12
스트레스 해소,땀이 흐를 정도의 중강도,4,30000,실내,끝나면 기진맥진 고강도,평범함,12
스트레스 해소,땀이 흐를 정도의 중강도,"2,4",30000,상관없음,,높음/컨디션 양호,12
스트레스 해소,땀이 흐를 정도의 중강도,2,100000,실외,,평범함,12
다이어트,끝나면 기진맥진 고강도,"5,6",50000,실내,가벼운 웜업 위주,높음/컨디션 양호,13
취미 탐색,땀이 흐를 정도의 중강도,"9,8",70000,상관없음,끝나면 기진맥진 고강도,평범함,13
다이어트,끝나면 기진맥진 고강도,5,50000,실내,,높음/컨디션 양호,13
다이어트,끝나면 기진맥진 고강도,"5,6",50000,실내,가벼운 웜업 위주,높음/컨디션 양호,13
다이어트,끝나면 기진맥진 고강도,5,70000,상관없음,가벼운 웜업 위주,평범함,13
다이어트,끝나면 기진맥진 고강도,5,50000,실외,,평범함,13
다이어트,끝나면 기진맥진 고강도,"5,6",30000,실내,,매우 지침/피로함,13
다이어트,끝나면 기진맥진 고강도,6,30000,실내,,평범함,13
체력 증진,살짝 땀이 나는 정도,8,100000,상관없음,"끝나면 기진맥진 고강도,가벼운 웜업 위주",매우 지침/피로함,13
다이어트,끝나면 기진맥진 고강도,"5,6",30000,실내,,평범함,13
다이어트,끝나면 기진맥진 고강도,"5,6",50000,상관없음,,평범함,13
"회복(통증완화, 재활 등)",땀이 흐를 정도의 중강도,"9,2",10000,실내,끝나면 기진맥진 고강도,매우 지침/피로함,13
다이어트,끝나면 기진맥진 고강도,5,100000,실내,,높음/컨디션 양호,13
다이어트,끝나면 기진맥진 고강도,6,50000,상관없음,,높음/컨디션 양호,13
다이어트,끝나면 기진맥진 고강도,"5,6",70000,실내,가벼운 웜업 위주,평범함,13
다이어트,끝나면 기진맥진 고강도,5,30000,실내,,높음/컨디션 양호,13
다이어트,끝나면 기진맥진 고강도,5,50000,실내,,높음/컨디션 양호,13
다이어트,끝나면 기진맥진 고강도,"5,6",50000,실내,,평범함,13
다이어트,끝나면 기진맥진 고강도,"5,6",50000,상관없음,가벼운 웜업 위주,평범함,13
다이어트,끝나면 기진맥진 고강도,"5,6",30000,실내,,평범함,13
다이어트,끝나면 기진맥진 고강도,6,30000,실내,가벼운 웜업 위주,평범함,13
다이어트,끝나면 기진맥진 고강도,6,10000,실내,가벼운 웜업 위주,평범함,13
다이어트,끝나면 기진맥진 고강도,"5,6",30000,실내,가벼운 웜업 위주,평범함,13
다이어트,끝나면 기진맥진 고강도,"5,6",50000,상관없음,가벼운 웜업 위주,높음/컨디션 양호,13
다이어트,땀이 흐를 정도의 중강도,4,100000,실내,,매우 지침/피로함,13
"회복(통증완화, 재활 등)",가벼운 웜업 위주,2,70000,실내,"끝나면 기진맥진 고강도,땀이 흐를 정도의 중강도",높음/컨디션 양호,13
체력 증진,가벼운 웜업 위주,"1,9",70000,상관없음,,매우 지침/피로함,13
취미 탐색,가벼운 웜업 위주,"1,8",100000,상관없음,,매우 지침/피로함,13
다이어트,끝나면 기진맥진 고강도,6,50000,실외,,평범함,13
다이어트,끝나면 기진맥진 고강도,"5,6",30000,상관없음,,평범함,13
다이어트,끝나면 기진맥진 고강도,"5,6",30000,실내,가벼운 웜업 위주,평범함,13
체력 증진,가벼운 웜업 위주,4,10000,실외,,높음/컨디션 양호,13
취미 탐색,살짝 땀이 나는 정도,"9,3",100000,상관없음,"끝나면 기진맥진 고강도,땀이 흐를 정도의 중강도",높음/컨디션 양호,13
체력 증진,땀이 흐를 정도의 중강도,7,30000,실외,끝나면 기진맥진 고강도,평범함,14
체력 증진,땀이 흐를 정도의 중강도,"7,1",50000,실외,끝나면 기진맥진 고강도,높음/컨디션 양호,14
체력 증진,땀이 흐를 정도의 중강도,1,30000,실외,끝나면 기진맥진 고강도,평범함,14
스트레스 해소,살짝 땀이 나는 정도,8,70000,실내,땀이 흐를 정도의 중강도,평범함,14
체력 증진,땀이 흐를 정도의 중강도,"7,1",30000,상관없음,,높음/컨디션 양호,14
체력 증진,살짝 땀이 나는 정도,"2,9",10000,상관없음,,높음/컨디션 양호,14
체력 증진,땀이 흐를 정도의 중강도,"7,1",30000,실외,끝나면 기진맥진 고강도,평범함,14
체력 증진,땀이 흐를 정도의 중강도,"7,1",30000,실외,,높음/컨디션 양호,14
체력 증진,땀이 흐를 정도의 중강도,7,30000,상관없음,,매우 지침/피로함,14
체력 증진,땀이 흐를 정도의 중강도,"7,1",30000,상관없음,끝나면 기진맥진 고강도,매우 지침/피로함,14
체력 증진,땀이 흐를 정도의 중강도,"7,1",70000,상관없음,끝나면 기진맥진 고강도,평범함,14
체력 증진,땀이 흐를 정도의 중강도,7,30000,실외,,평범함,14
체력 증진,땀이 흐를 정도의 중강도,"7,1",10000,상관없음,끝나면 기진맥진 고강도,평범함,14
체력 증진,땀이 흐를 정도의 중강도,1,30000,실내,,평범함,14
체력 증진,땀이 흐를 정도의 중강도,"7,1",50000,실내,,높음/컨디션 양호,14
체력 증진,땀이 흐를 정도의 중강도,1,50000,실외,끝나면 기진맥진 고강도,높음/컨디션 양호,14
체력 증진,땀이 흐를 정도의 중강도,1,30000,상관없음,끝나면 기진맥진 고강도,높음/컨디션 양호,14
체력 증진,땀이 흐를 정도의 중강도,1,70000,실내,끝나면 기진맥진 고강도,매우 지침/피로함,14
체력 증진,땀이 흐를 정도의 중강도,"7,1",30000,상관없음,끝나면 기진맥진 고강도,높음/컨디션 양호,14
체력 증진,땀이 흐를 정도의 중강도,7,50000,상관없음,끝나면 기진맥진 고강도,평범함,14
체력 증진,땀이 흐를 정도의 중강도,7,50000,상관없음,끝나면 기진맥진 고강도,매우 지침/피로함,14
체력 증진,살짝 땀이 나는 정도,"3,6",100000,실외,,높음/컨디션 양호,14
체력 증진,땀이 흐를 정도의 중강도,7,50000,상관없음,끝나면 기진맥진 고강도,높음/컨디션 양호,14
체력 증진,땀이 흐를 정도의 중강도,"7,1",30000,실외,끝나면 기진맥진 고강도,평범함,14
다이어트,가벼운 웜업 위주,"6,9",10000,상관없음,땀이 흐를 정도의 중강도,매우 지침/피로함,14
체력 증진,땀이 흐를 정도의 중강도,1,70000,상관없음,끝나면 기진맥진 고강도,매우 지침/피로함,14
체력 증진,땀이 흐를 정도의 중강도,1,10000,상관없음,끝나면 기진맥진 고강도,평범함,14
체력 증진,땀이 흐를 정도의 중강도,7,30000,실외,끝나면 기진맥진 고강도,높음/컨디션 양호,14
체력 증진,땀이 흐를 정도의 중강도,1,50000,실외,끝나면 기진맥진 고강도,평범함,14
체력 증진,땀이 흐를 정도의 중강도,1,70000,상관없음,끝나면 기진맥진 고강도,평범함,14
체력 증진,땀이 흐를 정도의 중강도,1,50000,실외,끝나면 기진맥진 고강도,평범함,14
체력 증진,땀이 흐를 정도의 중강도,"7,1",30000,실내,,높음/컨디션 양호,14
체력 증진,땀이 흐를 정도의 중강도,1,100000,상관없음,끝나면 기진맥진 고강도,높음/컨디션 양호,14
다이어트,끝나면 기진맥진 고강도,"2,5",100000,실내,"땀이 흐를 정도의 중강도,끝나면 기진맥진 고강도",높음/컨디션 양호,15
체력 증진,끝나면 기진맥진 고강도,"7,6",100000,상관없음,가벼운 웜업 위주,높음/컨디션 양호,15
다이어트,땀이 흐를 정도의 중강도,8,10000,상관없음,,평범함,15
다이어트,땀이 흐를 정도의 중강도,8,30000,상관없음,끝나면 기진맥진 고강도,평범함,15
스트레스 해소,살짝 땀이 나는 정도,"4,6",70000,상관없음,,매우 지침/피로함,15
다이어트,땀이 흐를 정도의 중강도,8,50000,실외,,매우 지침/피로함,15
다이어트,땀이 흐를 정도의 중강도,5,30000,상관없음,,평범함,15
다이어트,땀이 흐를 정도의 중강도,"8,5",70000,상관없음,끝나면 기진맥진 고강도,평범함,15
다이어트,땀이 흐를 정도의 중강도,"8,5",30000,상관없음,끝나면 기진맥진 고강도,평범함,15
다이어트,땀이 흐를 정도의 중강도,5,30000,실내,,평범함,15
다이어트,땀이 흐를 정도의 중강도,"8,5",50000,상관없음,,높음/컨디션 양호,15
다이어트,땀이 흐를 정도의 중강도,"8,5",30000,실내,,높음/컨디션 양호,15
다이어트,땀이 흐를 정도의 중강도,"8,5",30000,상관없음,,평범함,15
다이어트,땀이 흐를 정도의 중강도,8,50000,실외,끝나면 기진맥진 고강도,평범함,15
다이어트,살짝 땀이 나는 정도,5,100000,실외,,높음/컨디션 양호,15
다이어트,땀이 흐를 정도의 중강도,5,30000,실외,끝나면 기진맥진 고강도,높음/컨디션 양호,15
다이어트,땀이 흐를 정도의 중강도,5,30000,상관없음,,평범함,15
다이어트,땀이 흐를 정도의 중강도,5,50000,상관없음,끝나면 기진맥진 고강도,매우 지침/피로함,15
다이어트,땀이 흐를 정도의 중강도,5,50000,상관없음,,높음/컨디션 양호,15
다이어트,땀이 흐를 정도의 중강도,8,50000,상관없음,끝나면 기진맥진 고강도,평범함,15
다이어트,땀이 흐를 정도의 중강도,"8,5",70000,상관없음,끝나면 기진맥진 고강도,평범함,15
다이어트,땀이 흐를 정도의 중강도,"8,5",50000,실내,끝나면 기진맥진 고강도,평범함,15
"회복(통증완화, 재활 등)",살짝 땀이 나는 정도,4,70000,실외,,높음/컨디션 양호,15
다이어트,땀이 흐를 정도의 중강도,"8,5",50000,상관없음,끝나면 기진맥진 고강도,매우 지침/피로함,15
다이어트,땀이 흐를 정도의 중강도,8,50000,상관없음,끝나면 기진맥진 고강도,평범함,15
다이어트,땀이 흐를 정도의 중강도,"8,5",70000,실외,끝나면 기진맥진 고강도,높음/컨디션 양호,15
스트레스 해소,끝나면 기진맥진 고강도,9,70000,실내,,높음/컨디션 양호,15
다이어트,땀이 흐를 정도의 중강도,5,50000,상관없음,,평범함,15
체력 증진,가벼운 웜업 위주,"3,7",70000,실내,,평범함,15
다이어트,땀이 흐를 정도의 중강도,5,30000,상관없음,끝나면 기진맥진 고강도,높음/컨디션 양호,15
다이어트,땀이 흐를 정도의 중강도,"8,5",30000,상관없음,,평범함,15
다이어트,땀이 흐를 정도의 중강도,8,50000,상관없음,,평범함,15
스트레스 해소,끝나면 기진맥진 고강도,6,70000,상관없음,"땀이 흐를 정도의 중강도,끝나면 기진맥진 고강도",평범함,15
체력 증진,가벼운 웜업 위주,"9,1",50000,실내,끝나면 기진맥진 고강도,높음/컨디션 양호,16
체력 증진,가벼운 웜업 위주,1,50000,실내,끝나면 기진맥진 고강도,평범함,16
체력 증진,가벼운 웜업 위주,"9,1",30000,실내,"땀이 흐를 정도의 중강도,끝나면 기진맥진 고강도",평범함,16
체력 증진,가벼운 웜업 위주,"9,1",50000,상관없음,끝나면 기진맥진 고강도,평범함,16
체력 증진,살짝 땀이 나는 정도,1,30000,상관없음,끝나면 기진맥진 고강도,높음/컨디션 양호,16
체력 증진,살짝 땀이 나는 정도,1,30000,상관없음,끝나면 기진맥진 고강도,평범함,16
체력 증진,가벼운 웜업 위주,9,10000,상관없음,끝나면 기진맥진 고강도,높음/컨디션 양호,16
체력 증진,살짝 땀이 나는 정도,1,70000,상관없음,끝나면 기진맥진 고강도,높음/컨디션 양호,16
체력 증진,살짝 땀이 나는 정도,1,50000,실내,"땀이 흐를 정도의 중강도,끝나면 기진맥진 고강도",높음/컨디션 양호,16
체력 증진,끝나면 기진맥진 고강도,3,70000,실내,"땀이 흐를 정도의 중강도,끝나면 기진맥진 고강도",높음/컨디션 양호,16
체력 증진,끝나면 기진맥진 고강도,"7,4",10000,상관없음,,매우 지침/피로함,16
체력 증진,살짝 땀이 나는 정도,9,100000,상관없음,끝나면 기진맥진 고강도,높음/컨디션 양호,16
체력 증진,가벼운 웜업 위주,1,30000,상관없음,땀이 흐를 정도의 중강도,높음/컨디션 양호,16
체력 증진,가벼운 웜업 위주,"9,1",30000,상관없음,끝나면 기진맥진 고강도,높음/컨디션 양호,16
체력 증진,가벼운 웜업 위주,9,50000,실내,땀이 흐를 정도의 중강도,높음/컨디션 양호,16
체력 증진,살짝 땀이 나는 정도,"9,1",30000,실내,땀이 흐를 정도의 중강도,평범함,16
체력 증진,살짝 땀이 나는 정도,9,50000,실내,끝나면 기진맥진 고강도,매우 지침/피로함,16
다이어트,끝나면 기진맥진 고강도,"4,5",10000,상관없음,,매우 지침/피로함,16
스트레스 해소,땀이 흐를 정도의 중강도,6,100000,실외,땀이 흐를 정도의 중강도,평범함,16
체력 증진,살짝 땀이 나는 정도,9,30000,상관없음,"땀이 흐를 정도의 중강도,끝나면 기진맥진 고강도",높음/컨디션 양호,16
체력 증진,가벼운 웜업 위주,1,50000,상관없음,끝나면 기진맥진 고강도,매우 지침/피로함,16
체력 증진,가벼운 웜업 위주,"9,1",50000,상관없음,땀이 흐를 정도의 중강도,높음/컨디션 양호,16
체력 증진,살짝 땀이 나는 정도,"9,1",10000,실외,끝나면 기진맥진 고강도,높음/컨디션 양호,16
체력 증진,살짝 땀이 나는 정도,9,10000,상관없음,땀이 흐를 정도의 중강도,평범함,16
체력 증진,가벼운 웜업 위주,9,30000,실외,땀이 흐를 정도의 중강도,평범함,16
체력 증진,살짝 땀이 나는 정도,"9,1",70000,상관없음,끝나면 기진맥진 고강도,높음/컨디션 양호,16
체력 증진,살짝 땀이 나는 정도,"9,1",50000,상관없음,"땀이 흐를 정도의 중강도,끝나면 기진맥진 고강도",평범함,16
스트레스 해소,끝나면 기진맥진 고강도,"4,9",70000,상관없음,,평범함,16
체력 증진,살짝 땀이 나는 정도,9,100000,상관없음,땀이 흐를 정도의 중강도,높음/컨디션 양호,16
체력 증진,가벼운 웜업 위주,1,50000,실외,땀이 흐를 정도의 중강도,매우 지침/피로함,16
다이어트,땀이 흐를 정도의 중강도,"6,3",70000,실내,가벼운 웜업 위주,높음/컨디션 양호,16
체력 증진,살짝 땀이 나는 정도,"9,1",30000,실외,땀이 흐를 정도의 중강도,높음/컨디션 양호,16
체력 증진,살짝 땀이 나는 정도,9,50000,상관없음,"땀이 흐를 정도의 중강도,끝나면 기진맥진 고강도",평범함,16
스트레스 해소,가벼운 웜업 위주,"6,3",30000,실내,끝나면 기진맥진 고강도,평범함,17
스트레스 해소,가벼운 웜업 위주,6,50000,상관없음,땀이 흐를 정도의 중강도,평범함,17
스트레스 해소,가벼운 웜업 위주,3,50000,실내,땀이 흐를 정도의 중강도,높음/컨디션 양호,17
스트레스 해소,살짝 땀이 나는 정도,3,30000,실내,땀이 흐를 정도의 중강도,높음/컨디션 양호,17
스트레스 해소,가벼운 웜업 위주,6,50000,실내,끝나면 기진맥진 고강도,평범함,17
스트레스 해소,살짝 땀이 나는 정도,3,50000,실외,땀이 흐를 정도의 중강도,높음/컨디션 양호,17
스트레스 해소,살짝 땀이 나는 정도,"6,3",70000,실외,끝나면 기진맥진 고강도,높음/컨디션 양호,17
체력 증진,살짝 땀이 나는 정도,2,100000,실내,,평범함,17
스트레스 해소,가벼운 웜업 위주,"6,3",50000,상관없음,땀이 흐를 정도의 중강도,높음/컨디션 양호,17
스트레스 해소,가벼운 웜업 위주,6,30000,실내,끝나면 기진맥진 고강도,평범함,17
스트레스 해소,살짝 땀이 나는 정도,"6,3",50000,실내,땀이 흐를 정도의 중강도,높음/컨디션 양호,17
취미 탐색,끝나면 기진맥진 고강도,4,70000,상관없음,,매우 지침/피로함,17
스트레스 해소,살짝 땀이 나는 정도,6,50000,실내,땀이 흐를 정도의 중강도,높음/컨디션 양호,17
스트레스 해소,살짝 땀이 나는 정도,3,50000,실내,땀이 흐를 정도의 중강도,평범함,17
스트레스 해소,땀이 흐를 정도의 중강도,"5,8",70000,상관없음,끝나면 기진맥진 고강도,높음/컨디션 양호,17
스트레스 해소,가벼운 웜업 위주,3,100000,실내,땀이 흐를 정도의 중강도,높음/컨디션 양호,17
스트레스 해소,가벼운 웜업 위주,6,50000,상관없음,"땀이 흐를 정도의 중강도,끝나면 기진맥진 고강도",평범함,17
스트레스 해소,살짝 땀이 나는 정도,8,10000,상관없음,,평범함,17
취미 탐색,끝나면 기진맥진 고강도,8,10000,실내,,매우 지침/피로함,17
스트레스 해소,살짝 땀이 나는 정도,"6,3",30000,실내,땀이 흐를 정도의 중강도,높음/컨디션 양호,17
스트레스 해소,살짝 땀이 나는 정도,3,50000,실내,"땀이 흐를 정도의 중강도,끝나면 기진맥진 고강도",평범함,17
스트레스 해소,가벼운 웜업 위주,6,30000,실내,"땀이 흐를 정도의 중강도,끝나면 기진맥진 고강도",높음/컨디션 양호,17
스트레스 해소,가벼운 웜업 위주,"6,3",50000,실외,땀이 흐를 정도의 중강도,높음/컨디션 양호,17
스트레스 해소,끝나면 기진맥진 고강도,9,70000,실외,"끝나면 기진맥진 고강도,가벼운 웜업 위주",높음/컨디션 양호,17
스트레스 해소,살짝 땀이 나는 정도,"6,3",30000,상관없음,땀이 흐를 정도의 중강도,높음/컨디션 양호,17
스트레스 해소,가벼운 웜업 위주,3,50000,실내,땀이 흐를 정도의 중강도,평범함,17
스트레스 해소,가벼운 웜업 위주,"6,3",70000,상관없음,끝나면 기진맥진 고강도,평범함,17
스트레스 해소,가벼운 웜업 위주,3,30000,상관없음,땀이 흐를 정도의 중강도,높음/컨디션 양호,17
체력 증진,끝나면 기진맥진 고강도,"7,8",70000,상관없음,끝나면 기진맥진 고강도,평범함,17
스트레스 해소,가벼운 웜업 위주,"6,3",30000,실내,"땀이 흐를 정도의 중강도,끝나면 기진맥진 고강도",높음/컨디션 양호,17
스트레스 해소,가벼운 웜업 위주,3,70000,실내,땀이 흐를 정도의 중강도,높음/컨디션 양호,17
스트레스 해소,땀이 흐를 정도의 중강도,"5,7",70000,실내,,높음/컨디션 양호,17
스트레스 해소,살짝 땀이 나는 정도,6,50000,실외,땀이 흐를 정도의 중강도,높음/컨디션 양호,17
체력 증진,끝나면 기진맥진 고강도,5,30000,실외,가벼운 웜업 위주,높음/컨디션 양호,18
체력 증진,끝나면 기진맥진 고강도,2,30000,실내,가벼운 웜업 위주,매우 지침/피로함,18
체력 증진,끝나면 기진맥진 고강도,"2,5",30000,상관없음,가벼운 웜업 위주,평범함,18
스트레스 해소,땀이 흐를 정도의 중강도,"1,6",70000,실내,,평범함,18
체력 증진,끝나면 기진맥진 고강도,2,30000,실내,,평범함,18
스트레스 해소,살짝 땀이 나는 정도,7,50000,상관없음,끝나면 기진맥진 고강도,평범함,18
체력 증진,끝나면 기진맥진 고강도,2,30000,실내,,평범함,18
체력 증진,끝나면 기진맥진 고강도,2,70000,실내,,평범함,18
체력 증진,끝나면 기진맥진 고강도,"2,5",30000,실내,,높음/컨디션 양호,18
체력 증진,끝나면 기진맥진 고강도,5,10000,실내,,매우 지침/피로함,18
체력 증진,끝나면 기진맥진 고강도,2,50000,상관없음,가벼운 웜업 위주,높음/컨디션 양호,18
체력 증진,끝나면 기진맥진 고강도,5,100000,실내,,평범함,18
스트레스 해소,땀이 흐를 정도의 중강도,"7,8",50000,실외,,매우 지침/피로함,18
체력 증진,끝나면 기진맥진 고강도,5,30000,실외,가벼운 웜업 위주,높음/컨디션 양호,18
체력 증진,끝나면 기진맥진 고강도,"2,5",50000,실내,,높음/컨디션 양호,18
체력 증진,끝나면 기진맥진 고강도,5,50000,실내,,높음/컨디션 양호,18
체력 증진,끝나면 기진맥진 고강도,"2,5",10000,상관없음,,평범함,18
스트레스 해소,땀이 흐를 정도의 중강도,"9,1",10000,실내,끝나면 기진맥진 고강도,높음/컨디션 양호,18
체력 증진,끝나면 기진맥진 고강도,2,30000,실내,,높음/컨디션 양호,18
체력 증진,끝나면 기진맥진 고강도,"2,5",10000,실외,가벼운 웜업 위주,높음/컨디션 양호,18
체력 증진,끝나면 기진맥진 고강도,5,50000,실내,,높음/컨디션 양호,18
체력 증진,끝나면 기진맥진 고강도,2,50000,상관없음,,높음/컨디션 양호,18
체력 증진,살짝 땀이 나는 정도,"4,7",10000,실외,땀이 흐를 정도의 중강도,매우 지침/피로함,18
체력 증진,끝나면 기진맥진 고강도,5,50000,실내,가벼운 웜업 위주,평범함,18
체력 증진,끝나면 기진맥진 고강도,"2,5",100000,실내,,평범함,18
체력 증진,끝나면 기진맥진 고강도,5,30000,실내,가벼운 웜업 위주,매우 지침/피로함,18
체력 증진,끝나면 기진맥진 고강도,2,50000,실내,,높음/컨디션 양호,18
체력 증진,끝나면 기진맥진 고강도,5,30000,실내,가벼운 웜업 위주,매우 지침/피로함,18
체력 증진,끝나면 기진맥진 고강도,5,10000,실내,,높음/컨디션 양호,18
체력 증진,끝나면 기진맥진 고강도,5,30000,실외,,높음/컨디션 양호,18
스트레스 해소,살짝 땀이 나는 정도,7,100000,상관없음,끝나면 기진맥진 고강도,매우 지침/피로함,18
체력 증진,끝나면 기진맥진 고강도,"2,5",10000,실외,,평범함,18
체력 증진,끝나면 기진맥진 고강도,"2,5",50000,실내,,매우 지침/피로함,18
"회복(통증완화, 재활 등)",살짝 땀이 나는 정도,7,30000,실외,"땀이 흐를 정도의 중강도,끝나면 기진맥진 고강도",평범함,19
"회복(통증완화, 재활 등)",가벼운 웜업 위주,3,50000,상관없음,끝나면 기진맥진 고강도,평범함,19
"회복(통증완화, 재활 등)",살짝 땀이 나는 정도,"7,3",50000,상관없음,땀이 흐를 정도의 중강도,매우 지침/피로함,19
체력 증진,가벼운 웜업 위주,1,10000,실외,,평범함,19
취미 탐색,끝나면 기진맥진 고강도,"2,8",10000,상관없음,,평범함,19
체력 증진,살짝 땀이 나는 정도,8,70000,실내,,높음/컨디션 양호,19
"회복(통증완화, 재활 등)",땀이 흐를 정도의 중강도,"4,2",10000,상관없음,,높음/컨디션 양호,19
"회복(통증완화, 재활 등)",살짝 땀이 나는 정도,3,30000,실외,땀이 흐를 정도의 중강도,평범함,19
"회복(통증완화, 재활 등)",살짝 땀이 나는 정도,"7,3",50000,실내,땀이 흐를 정도의 중강도,매우 지침/피로함,19
취미 탐색,땀이 흐를 정도의 중강도,6,100000,실외,땀이 흐를 정도의 중강도,평범함,19
"회복(통증완화, 재활 등)",가벼운 웜업 위주,"7,3",50000,실외,끝나면 기진맥진 고강도,매우 지침/피로함,19
"회복(통증완화, 재활 등)",가벼운 웜업 위주,"7,3",30000,상관없음,땀이 흐를 정도의 중강도,평범함,19
"회복(통증완화, 재활 등)",살짝 땀이 나는 정도,3,50000,상관없음,땀이 흐를 정도의 중강도,매우 지침/피로함,19
"회복(통증완화, 재활 등)",가벼운 웜업 위주,"7,3",30000,상관없음,땀이 흐를 정도의 중강도,평범함,19
"회복(통증완화, 재활 등)",가벼운 웜업 위주,7,100000,상관없음,"땀이 흐를 정도의 중강도,끝나면 기진맥진 고강도",평범함,19
"회복(통증완화, 재활 등)",가벼운 웜업 위주,"7,3",30000,상관없음,땀이 흐를 정도의 중강도,평범함,19
"회복(통증완화, 재활 등)",살짝 땀이 나는 정도,"7,3",30000,실내,끝나면 기진맥진 고강도,평범함,19
"회복(통증완화, 재활 등)",가벼운 웜업 위주,3,30000,실외,"땀이 흐를 정도의 중강도,끝나면 기진맥진 고강도",평범함,19
"회복(통증완화, 재활 등)",살짝 땀이 나는 정도,3,10000,상관없음,"땀이 흐를 정도의 중강도,끝나면 기진맥진 고강도",평범함,19
스트레스 해소,땀이 흐를 정도의 중강도,"8,6",100000,상관없음,,높음/컨디션 양호,19
"회복(통증완화, 재활 등)",가벼운 웜업 위주,7,30000,상관없음,"땀이 흐를 정도의 중강도,끝나면 기진맥진 고강도",평범함,19
"회복(통증완화, 재활 등)",가벼운 웜업 위주,"7,3",50000,상관없음,끝나면 기진맥진 고강도,평범함,19
"회복(통증완화, 재활 등)",가벼운 웜업 위주,"7,3",30000,실외,땀이 흐를 정도의 중강도,평범함,19
"회복(통증완화, 재활 등)",가벼운 웜업 위주,7,30000,상관없음,끝나면 기진맥진 고강도,평범함,19
"회복(통증완화, 재활 등)",살짝 땀이 나는 정도,"7,3",50000,상관없음,끝나면 기진맥진 고강도,평범함,19
"회복(통증완화, 재활 등)",가벼운 웜업 위주,3,50000,상관없음,끝나면 기진맥진 고강도,평범함,19
"회복(통증완화, 재활 등)",가벼운 웜업 위주,"7,3",50000,상관없음,끝나면 기진맥진 고강도,평범함,19
"회복(통증완화, 재활 등)",가벼운 웜업 위주,"7,3",10000,상관없음,끝나면 기진맥진 고강도,매우 지침/피로함,19
"회복(통증완화, 재활 등)",살짝 땀이 나는 정도,3,30000,상관없음,땀이 흐를 정도의 중강도,평범함,19
"회복(통증완화, 재활 등)",살짝 땀이 나는 정도,"7,3",50000,실내,땀이 흐를 정도의 중강도,평범함,19
"회복(통증완화, 재활 등)",가벼운 웜업 위주,3,50000,상관없음,땀이 흐를 정도의 중강도,평범함,19
"회복(통증완화, 재활 등)",가벼운 웜업 위주,3,50000,상관없음,땀이 흐를 정도의 중강도,평범함,19
"회복(통증완화, 재활 등)",살짝 땀이 나는 정도,"7,3",50000,상관없음,땀이 흐를 정도의 중강도,평범함,19
스트레스 해소,땀이 흐를 정도의 중강도,"8,6",30000,상관없음,끝나면 기진맥진 고강도,높음/컨디션 양호,20
스트레스 해소,땀이 흐를 정도의 중강도,6,50000,실내,끝나면 기진맥진 고강도,평범함,20
체력 증진,가벼운 웜업 위주,4,100000,상관없음,"끝나면 기진맥진 고강도,가벼운 웜업 위주",높음/컨디션 양호,20
스트레스 해소,땀이 흐를 정도의 중강도,"8,6",30000,실내,,평범함,20
"회복(통증완화, 재활 등)",살짝 땀이 나는 정도,3,10000,상관없음,,매우 지침/피로함,20
스트레스 해소,땀이 흐를 정도의 중강도,8,30000,실내,끝나면 기진맥진 고강도,평범함,20
스트레스 해소,땀이 흐를 정도의 중강도,"8,6",30000,상관없음,,높음/컨디션 양호,20
스트레스 해소,땀이 흐를 정도의 중강도,6,50000,상관없음,,높음/컨디션 양호,20
스트레스 해소,땀이 흐를 정도의 중강도,6,30000,상관없음,끝나면 기진맥진 고강도,평범함,20
스트레스 해소,땀이 흐를 정도의 중강도,6,30000,상관없음,,평범함,20
취미 탐색,살짝 땀이 나는 정도,5,10000,상관없음,끝나면 기진맥진 고강도,평범함,20
스트레스 해소,땀이 흐를 정도의 중강도,6,30000,실외,끝나면 기진맥진 고강도,높음/컨디션 양호,20
스트레스 해소,땀이 흐를 정도의 중강도,8,10000,실내,땀이 흐를 정도의 중강도,평범함,20
스트레스 해소,땀이 흐를 정도의 중강도,"8,6",50000,상관없음,끝나면 기진맥진 고강도,높음/컨디션 양호,20
스트레스 해소,땀이 흐를 정도의 중강도,"8,6",10000,상관없음,,평범함,20
스트레스 해소,땀이 흐를 정도의 중강도,"8,6",30000,상관없음,,평범함,20
스트레스 해소,땀이 흐를 정도의 중강도,8,50000,상관없음,,높음/컨디션 양호,20
스트레스 해소,땀이 흐를 정도의 중강도,6,70000,상관없음,끝나면 기진맥진 고강도,평범함,20
스트레스 해소,땀이 흐를 정도의 중강도,"8,6",50000,상관없음,끝나면 기진맥진 고강도,높음/컨디션 양호,20
스트레스 해소,땀이 흐를 정도의 중강도,6,30000,상관없음,끝나면 기진맥진 고강도,평범함,20
스트레스 해소,땀이 흐를 정도의 중강도,6,30000,상관없음,끝나면 기진맥진 고강도,높음/컨디션 양호,20
스트레스 해소,땀이 흐를 정도의 중강도,"8,6",30000,실외,,높음/컨디션 양호,20
스트레스 해소,땀이 흐를 정도의 중강도,"8,6",30000,실외,끝나면 기진맥진 고강도,평범함,20
스트레스 해소,땀이 흐를 정도의 중강도,"8,6",30000,상관없음,끝나면 기진맥진 고강도,평범함,20
스트레스 해소,땀이 흐를 정도의 중강도,"8,6",100000,상관없음,끝나면 기진맥진 고강도,높음/컨디션 양호,20
스트레스 해소,땀이 흐를 정도의 중강도,8,50000,실내,,높음/컨디션 양호,20
스트레스 해소,땀이 흐를 정도의 중강도,8,50000,상관없음,끝나면 기진맥진 고강도,높음/컨디션 양호,20
스트레스 해소,땀이 흐를 정도의 중강도,"8,6",50000,상관없음,,평범함,20
스트레스 해소,땀이 흐를 정도의 중강도,6,30000,실내,끝나면 기진맥진 고강도,높음/컨디션 양호,20
스트레스 해소,땀이 흐를 정도의 중강도,"8,6",30000,실내,,높음/컨디션 양호,20
스트레스 해소,땀이 흐를 정도의 중강도,6,30000,상관없음,,높음/컨디션 양호,20
스트레스 해소,땀이 흐를 정도의 중강도,6,10000,실내,끝나면 기진맥진 고강도,평범함,20
스트레스 해소,땀이 흐를 정도의 중강도,8,30000,상관없음,,높음/컨디션 양호,20
스트레스 해소,살짝 땀이 나는 정도,"9,4",30000,상관없음,끝나면 기진맥진 고강도,높음/컨디션 양호,21
스트레스 해소,살짝 땀이 나는 정도,9,50000,실내,땀이 흐를 정도의 중강도,높음/컨디션 양호,21
스트레스 해소,살짝 땀이 나는 정도,4,10000,상관없음,"땀이 흐를 정도의 중강도,끝나면 기진맥진 고강도",평범함,21
스트레스 해소,살짝 땀이 나는 정도,"9,4",30000,상관없음,끝나면 기진맥진 고강도,높음/컨디션 양호,21
스트레스 해소,살짝 땀이 나는 정도,9,30000,상관없음,땀이 흐를 정도의 중강도,평범함,21
취미 탐색,가벼운 웜업 위주,"8,2",70000,상관없음,,높음/컨디션 양호,21
스트레스 해소,살짝 땀이 나는 정도,4,30000,상관없음,끝나면 기진맥진 고강도,높음/컨디션 양호,21
스트레스 해소,살짝 땀이 나는 정도,"9,4",10000,상관없음,끝나면 기진맥진 고강도,평범함,21
"회복(통증완화, 재활 등)",살짝 땀이 나는 정도,3,10000,실외,땀이 흐를 정도의 중강도,매우 지침/피로함,21
스트레스 해소,가벼운 웜업 위주,"9,4",30000,상관없음,땀이 흐를 정도의 중강도,높음/컨디션 양호,21
스트레스 해소,가벼운 웜업 위주,"9,4",50000,상관없음,"땀이 흐를 정도의 중강도,끝나면 기진맥진 고강도",높음/컨디션 양호,21
스트레스 해소,살짝 땀이 나는 정도,"9,4",50000,실외,땀이 흐를 정도의 중강도,평범함,21
스트레스 해소,살짝 땀이 나는 정도,9,10000,상관없음,땀이 흐를 정도의 중강도,높음/컨디션 양호,21
스트레스 해소,살짝 땀이 나는 정도,"9,4",50000,상관없음,끝나면 기진맥진 고강도,평범함,21
스트레스 해소,가벼운 웜업 위주,"9,4",30000,상관없음,끝나면 기진맥진 고강도,평범함,21
스트레스 해소,가벼운 웜업 위주,"9,4",50000,상관없음,땀이 흐를 정도의 중강도,평범함,21
스트레스 해소,끝나면 기진맥진 고강도,3,70000,실외,,평범함,21
취미 탐색,끝나면 기진맥진 고강도,5,100000,상관없음,,매우 지침/피로함,21
스트레스 해소,살짝 땀이 나는 정도,4,50000,상관없음,땀이 흐를 정도의 중강도,평범함,21
스트레스 해소,가벼운 웜업 위주,4,50000,상관없음,"땀이 흐를 정도의 중강도,끝나면 기진맥진 고강도",높음/컨디션 양호,21
취미 탐색,살짝 땀이 나는 정도,8,100000,실외,,평범함,21
다이어트,땀이 흐를 정도의 중강도,6,100000,실외,땀이 흐를 정도의 중강도,높음/컨디션 양호,21
다이어트,가벼운 웜업 위주,2,70000,실외,,평범함,21
스트레스 해소,살짝 땀이 나는 정도,9,30000,상관없음,땀이 흐를 정도의 중강도,높음/컨디션 양호,21
스트레스 해소,살짝 땀이 나는 정도,"9,4",50000,상관없음,땀이 흐를 정도의 중강도,높음/컨디션 양호,21
스트레스 해소,살짝 땀이 나는 정도,"9,4",50000,상관없음,땀이 흐를 정도의 중강도,평범함,21
스트레스 해소,가벼운 웜업 위주,9,30000,실외,땀이 흐를 정도의 중강도,평범함,21
스트레스 해소,끝나면 기진맥진 고강도,"8,2",70000,상관없음,,평범함,21
체력 증진,땀이 흐를 정도의 중강도,2,30000,실내,가벼운 웜업 위주,매우 지침/피로함,21
다이어트,땀이 흐를 정도의 중강도,"8,7",70000,실내,땀이 흐를 정도의 중강도,높음/컨디션 양호,21
스트레스 해소,가벼운 웜업 위주,"9,4",30000,실외,"땀이 흐를 정도의 중강도,끝나면 기진맥진 고강도",높음/컨디션 양호,21
스트레스 해소,가벼운 웜업 위주,4,50000,상관없음,끝나면 기진맥진 고강도,평범함,21
스트레스 해소,가벼운 웜업 위주,9,30000,실외,끝나면 기진맥진 고강도,높음/컨디션 양호,21
"회복(통증완화, 재활 등)",가벼운 웜업 위주,8,10000,실외,땀이 흐를 정도의 중강도,평범함,22
다이어트,끝나면 기진맥진 고강도,1,50000,실내,,평범함,22
다이어트,끝나면 기진맥진 고강도,"2,1",100000,실내,,평범함,22
다이어트,끝나면 기진맥진 고강도,1,50000,실내,,높음/컨디션 양호,22
"회복(통증완화, 재활 등)",끝나면 기진맥진 고강도,"8,6",100000,상관없음,땀이 흐를 정도의 중강도,평범함,22
다이어트,끝나면 기진맥진 고강도,"2,1",30000,실내,,높음/컨디션 양호,22
다이어트,끝나면 기진맥진 고강도,1,50000,상관없음,,매우 지침/피로함,22
다이어트,끝나면 기진맥진 고강도,"2,1",70000,실내,,매우 지침/피로함,22
다이어트,땀이 흐를 정도의 중강도,"3,5",100000,실내,,높음/컨디션 양호,22
다이어트,끝나면 기진맥진 고강도,2,70000,실외,가벼운 웜업 위주,높음/컨디션 양호,22
다이어트,끝나면 기진맥진 고강도,"2,1",100000,상관없음,가벼운 웜업 위주,높음/컨디션 양호,22
다이어트,끝나면 기진맥진 고강도,1,30000,실내,가벼운 웜업 위주,높음/컨디션 양호,22
다이어트,끝나면 기진맥진 고강도,1,30000,실내,,높음/컨디션 양호,22
취미 탐색,살짝 땀이 나는 정도,"9,3",100000,상관없음,땀이 흐를 정도의 중강도,높음/컨디션 양호,22
취미 탐색,땀이 흐를 정도의 중강도,7,50000,실외,,매우 지침/피로함,22
다이어트,끝나면 기진맥진 고강도,1,30000,실내,,평범함,22
다이어트,끝나면 기진맥진 고강도,1,30000,실내,,높음/컨디션 양호,22
다이어트,끝나면 기진맥진 고강도,"2,1",50000,실내,,높음/컨디션 양호,22
다이어트,끝나면 기진맥진 고강도,1,50000,실내,,평범함,22
다이어트,끝나면 기진맥진 고강도,"2,1",50000,실내,,평범함,22
다이어트,끝나면 기진맥진 고강도,"2,1",50000,실내,가벼운 웜업 위주,평범함,22
"회복(통증완화, 재활 등)",살짝 땀이 나는 정도,"7,6",10000,상관없음,땀이 흐를 정도의 중강도,평범함,22
다이어트,끝나면 기진맥진 고강도,"2,1",30000,실내,가벼운 웜업 위주,높음/컨디션 양호,22
다이어트,끝나면 기진맥진 고강도,1,50000,실내,가벼운 웜업 위주,평범함,22
다이어트,끝나면 기진맥진 고강도,2,30000,실외,,평범함,22
다이어트,끝나면 기진맥진 고강도,"2,1",70000,실외,가벼운 웜업 위주,높음/컨디션 양호,22
다이어트,끝나면 기진맥진 고강도,2,50000,실내,,높음/컨디션 양호,22
다이어트,끝나면 기진맥진 고강도,"2,1",50000,실내,,매우 지침/피로함,22
다이어트,끝나면 기진맥진 고강도,2,30000,실내,,평범함,22
"회복(통증완화, 재활 등)",살짝 땀이 나는 정도,"5,9",10000,상관없음,,매우 지침/피로함,22
다이어트,끝나면 기진맥진 고강도,"2,1",50000,실내,가벼운 웜업 위주,평범함,22
"회복(통증완화, 재활 등)",끝나면 기진맥진 고강도,"3,7",100000,상관없음,끝나면 기진맥진 고강도,평범함,22
다이어트,끝나면 기진맥진 고강도,2,50000,실내,가벼운 웜업 위주,평범함,22
"회복(통증완화, 재활 등)",가벼운 웜업 위주,"6,3",100000,실외,끝나면 기진맥진 고강도,평범함,23
"회복(통증완화, 재활 등)",가벼운 웜업 위주,"5,4",30000,실내,땀이 흐를 정도의 중강도,평범함,23
다이어트,살짝 땀이 나는 정도,"8,9",50000,상관없음,,매우 지침/피로함,23
취미 탐색,땀이 흐를 정도의 중강도,2,10000,실외,"끝나면 기진맥진 고강도,땀이 흐를 정도의 중강도",매우 지침/피로함,23
"회복(통증완화, 재활 등)",가벼운 웜업 위주,"5,4",70000,실내,"땀이 흐를 정도의 중강도,끝나면 기진맥진 고강도",평범함,23
"회복(통증완화, 재활 등)",가벼운 웜업 위주,"5,4",30000,실내,땀이 흐를 정도의 중강도,매우 지침/피로함,23
"회복(통증완화, 재활 등)",살짝 땀이 나는 정도,"5,4",30000,상관없음,땀이 흐를 정도의 중강도,평범함,23
"회복(통증완화, 재활 등)",가벼운 웜업 위주,"5,4",30000,실내,끝나면 기진맥진 고강도,매우 지침/피로함,23
"회복(통증완화, 재활 등)",가벼운 웜업 위주,"5,4",50000,상관없음,땀이 흐를 정도의 중강도,평범함,23
"회복(통증완화, 재활 등)",살짝 땀이 나는 정도,"5,4",50000,실내,끝나면 기진맥진 고강도,평범함,23
"회복(통증완화, 재활 등)",가벼운 웜업 위주,4,10000,실내,,매우 지침/피로함,23
"회복(통증완화, 재활 등)",살짝 땀이 나는 정도,"5,4",50000,실내,"땀이 흐를 정도의 중강도,끝나면 기진맥진 고강도",평범함,23
"회복(통증완화, 재활 등)",살짝 땀이 나는 정도,"5,4",70000,실내,끝나면 기진맥진 고강도,평범함,23
"회복(통증완화, 재활 등)",살짝 땀이 나는 정도,4,50000,실내,땀이 흐를 정도의 중강도,평범함,23
"회복(통증완화, 재활 등)",가벼운 웜업 위주,4,10000,실내,"땀이 흐를 정도의 중강도,끝나면 기진맥진 고강도",평범함,23
"회복(통증완화, 재활 등)",가벼운 웜업 위주,4,50000,실내,"땀이 흐를 정도의 중강도,끝나면 기진맥진 고강도",평범함,23
"회복(통증완화, 재활 등)",살짝 땀이 나는 정도,"5,4",50000,실내,끝나면 기진맥진 고강도,평범함,23
"회복(통증완화, 재활 등)",가벼운 웜업 위주,4,100000,실내,끝나면 기진맥진 고강도,매우 지침/피로함,23
"회복(통증완화, 재활 등)",살짝 땀이 나는 정도,"5,4",30000,상관없음,끝나면 기진맥진 고강도,평범함,23
"회복(통증완화, 재활 등)",살짝 땀이 나는 정도,"5,4",30000,실내,끝나면 기진맥진 고강도,매우 지침/피로함,23
"회복(통증완화, 재활 등)",살짝 땀이 나는 정도,5,70000,실내,땀이 흐를 정도의 중강도,평범함,23
"회복(통증완화, 재활 등)",살짝 땀이 나는 정도,"5,4",50000,상관없음,끝나면 기진맥진 고강도,평범함,23
"회복(통증완화, 재활 등)",살짝 땀이 나는 정도,"5,4",50000,실내,끝나면 기진맥진 고강도,평범함,23
"회복(통증완화, 재활 등)",가벼운 웜업 위주,5,70000,실내,"땀이 흐를 정도의 중강도,끝나면 기진맥진 고강도",매우 지침/피로함,23
"회복(통증완화, 재활 등)",살짝 땀이 나는 정도,"5,4",50000,상관없음,끝나면 기진맥진 고강도,평범함,23
"회복(통증완화, 재활 등)",가벼운 웜업 위주,4,30000,상관없음,"땀이 흐를 정도의 중강도,끝나면 기진맥진 고강도",매우 지침/피로함,23
다이어트,끝나면 기진맥진 고강도,"8,2",100000,상관없음,,평범함,23
"회복(통증완화, 재활 등)",가벼운 웜업 위주,"5,4",30000,상관없음,"땀이 흐를 정도의 중강도,끝나면 기진맥진 고강도",매우 지침/피로함,23
"회복(통증완화, 재활 등)",살짝 땀이 나는 정도,5,30000,실외,"땀이 흐를 정도의 중강도,끝나면 기진맥진 고강도",평범함,23
"회복(통증완화, 재활 등)",살짝 땀이 나는 정도,5,50000,상관없음,,높음/컨디션 양호,23
"회복(통증완화, 재활 등)",살짝 땀이 나는 정도,5,70000,실내,끝나면 기진맥진 고강도,평범함,23
"회복(통증완화, 재활 등)",살짝 땀이 나는 정도,5,50000,실내,땀이 흐를 정도의 중강도,평범함,23
스트레스 해소,땀이 흐를 정도의 중강도,"6,9",70000,실내,"끝나면 기진맥진 고강도,가벼운 웜업 위주",평범함,23
체력 증진,땀이 흐를 정도의 중강도,6,30000,상관없음,,평범함,24
체력 증진,땀이 흐를 정도의 중강도,6,30000,실내,끝나면 기진맥진 고강도,높음/컨디션 양호,24
체력 증진,땀이 흐를 정도의 중강도,7,50000,실외,끝나면 기진맥진 고강도,높음/컨디션 양호,24
취미 탐색,끝나면 기진맥진 고강도,5,100000,실내,끝나면 기진맥진 고강도,높음/컨디션 양호,24
체력 증진,땀이 흐를 정도의 중강도,"7,6",10000,상관없음,끝나면 기진맥진 고강도,높음/컨디션 양호,24
체력 증진,땀이 흐를 정도의 중강도,"7,6",70000,실외,,평범함,24
체력 증진,살짝 땀이 나는 정도,"5,3",10000,실내,,매우 지침/피로함,24
체력 증진,땀이 흐를 정도의 중강도,6,100000,실내,끝나면 기진맥진 고강도,매우 지침/피로함,24
체력 증진,땀이 흐를 정도의 중강도,"7,6",50000,상관없음,끝나면 기진맥진 고강도,높음/컨디션 양호,24
체력 증진,땀이 흐를 정도의 중강도,7,30000,상관없음,끝나면 기진맥진 고강도,높음/컨디션 양호,24
체력 증진,땀이 흐를 정도의 중강도,7,50000,상관없음,끝나면 기진맥진 고강도,높음/컨디션 양호,24
체력 증진,땀이 흐를 정도의 중강도,"7,6",70000,실내,끝나면 기진맥진 고강도,평범함,24
체력 증진,땀이 흐를 정도의 중강도,6,30000,상관없음,,평범함,24
체력 증진,살짝 땀이 나는 정도,5,10000,상관없음,,높음/컨디션 양호,24
체력 증진,땀이 흐를 정도의 중강도,6,10000,실내,,평범함,24
체력 증진,땀이 흐를 정도의 중강도,7,30000,실내,끝나면 기진맥진 고강도,높음/컨디션 양호,24
체력 증진,땀이 흐를 정도의 중강도,6,70000,상관없음,,평범함,24
체력 증진,가벼운 웜업 위주,"8,1",10000,실내,땀이 흐를 정도의 중강도,평범함,24
체력 증진,땀이 흐를 정도의 중강도,7,50000,상관없음,끝나면 기진맥진 고강도,높음/컨디션 양호,24
체력 증진,땀이 흐를 정도의 중강도,"7,6",30000,상관없음,끝나면 기진맥진 고강도,매우 지침/피로함,24
체력 증진,땀이 흐를 정도의 중강도,6,50000,상관없음,,평범함,24
체력 증진,땀이 흐를 정도의 중강도,7,70000,실내,,높음/컨디션 양호,24
체력 증진,가벼운 웜업 위주,"2,3",10000,실외,,평범함,24
체력 증진,땀이 흐를 정도의 중강도,"7,6",30000,상관없음,,평범함,24
"회복(통증완화, 재활 등)",끝나면 기진맥진 고강도,1,30000,실외,,높음/컨디션 양호,24
체력 증진,땀이 흐를 정도의 중강도,6,30000,상관없음,,평범함,24
체력 증진,땀이 흐를 정도의 중강도,6,50000,실내,,평범함,24
체력 증진,땀이 흐를 정도의 중강도,7,30000,실외,,높음/컨디션 양호,24
체력 증진,땀이 흐를 정도의 중강도,7,50000,상관없음,,높음/컨디션 양호,24
스트레스 해소,끝나면 기진맥진 고강도,5,50000,실외,땀이 흐를 정도의 중강도,높음/컨디션 양호,24
체력 증진,땀이 흐를 정도의 중강도,6,30000,실외,,매우 지침/피로함,24
체력 증진,땀이 흐를 정도의 중강도,"7,6",70000,상관없음,,높음/컨디션 양호,24
체력 증진,땀이 흐를 정도의 중강도,7,50000,상관없음,끝나면 기진맥진 고강도,평범함,24
취미 탐색,땀이 흐를 정도의 중강도,8,50000,상관없음,,평범함,25
취미 탐색,땀이 흐를 정도의 중강도,"8,2",30000,상관없음,끝나면 기진맥진 고강도,높음/컨디션 양호,25
취미 탐색,땀이 흐를 정도의 중강도,8,30000,실내,끝나면 기진맥진 고강도,평범함,25
취미 탐색,살짝 땀이 나는 정도,"9,7",100000,실외,땀이 흐를 정도의 중강도,높음/컨디션 양호,25
취미 탐색,땀이 흐를 정도의 중강도,"8,2",30000,상관없음,,높음/컨디션 양호,25
취미 탐색,땀이 흐를 정도의 중강도,8,50000,상관없음,끝나면 기진맥진 고강도,높음/컨디션 양호,25
취미 탐색,땀이 흐를 정도의 중강도,2,100000,실내,,높음/컨디션 양호,25
취미 탐색,땀이 흐를 정도의 중강도,"8,2",70000,상관없음,끝나면 기진맥진 고강도,평범함,25
취미 탐색,땀이 흐를 정도의 중강도,8,50000,실내,끝나면 기진맥진 고강도,평범함,25
다이어트,끝나면 기진맥진 고강도,"4,1",70000,실외,땀이 흐를 정도의 중강도,매우 지침/피로함,25
취미 탐색,땀이 흐를 정도의 중강도,2,50000,상관없음,끝나면 기진맥진 고강도,높음/컨디션 양호,25
취미 탐색,땀이 흐를 정도의 중강도,8,70000,실내,끝나면 기진맥진 고강도,매우 지침/피로함,25
취미 탐색,땀이 흐를 정도의 중강도,2,30000,상관없음,끝나면 기진맥진 고강도,높음/컨디션 양호,25
취미 탐색,땀이 흐를 정도의 중강도,"8,2",50000,상관없음,,매우 지침/피로함,25
취미 탐색,땀이 흐를 정도의 중강도,2,30000,실내,,평범함,25
취미 탐색,가벼운 웜업 위주,"6,9",100000,상관없음,"끝나면 기진맥진 고강도,가벼운 웜업 위주",매우 지침/피로함,25
취미 탐색,땀이 흐를 정도의 중강도,8,30000,상관없음,,매우 지침/피로함,25
취미 탐색,땀이 흐를 정도의 중강도,"8,2",50000,실외,끝나면 기진맥진 고강도,평범함,25
취미 탐색,땀이 흐를 정도의 중강도,8,50000,실내,끝나면 기진맥진 고강도,평범함,25
체력 증진,살짝 땀이 나는 정도,3,50000,상관없음,,높음/컨디션 양호,25
다이어트,살짝 땀이 나는 정도,4,70000,실내,,매우 지침/피로함,25
취미 탐색,땀이 흐를 정도의 중강도,2,50000,상관없음,끝나면 기진맥진 고강도,평범함,25
취미 탐색,땀이 흐를 정도의 중강도,2,30000,상관없음,끝나면 기진맥진 고강도,매우 지침/피로함,25
취미 탐색,땀이 흐를 정도의 중강도,8,50000,실내,끝나면 기진맥진 고강도,높음/컨디션 양호,25
취미 탐색,땀이 흐를 정도의 중강도,"8,2",30000,상관없음,끝나면 기진맥진 고강도,높음/컨디션 양호,25
다이어트,가벼운 웜업 위주,5,70000,실외,"땀이 흐를 정도의 중강도,끝나면 기진맥진 고강도",높음/컨디션 양호,25
취미 탐색,땀이 흐를 정도의 중강도,"8,2",30000,실외,끝나면 기진맥진 고강도,평범함,25
취미 탐색,땀이 흐를 정도의 중강도,"8,2",100000,상관없음,,평범함,25
취미 탐색,땀이 흐를 정도의 중강도,"8,2",50000,상관없음,,높음/컨디션 양호,25
취미 탐색,땀이 흐를 정도의 중강도,"8,2",30000,실내,,평범함,25
취미 탐색,땀이 흐를 정도의 중강도,"8,2",30000,실외,끝나면 기진맥진 고강도,평범함,25
취미 탐색,땀이 흐를 정도의 중강도,2,100000,상관없음,,평범함,25
취미 탐색,땀이 흐를 정도의 중강도,"8,2",70000,상관없음,끝나면 기진맥진 고강도,높음/컨디션 양호,25
"회복(통증완화, 재활 등)",살짝 땀이 나는 정도,"1,3",100000,상관없음,,높음/컨디션 양호,26
체력 증진,살짝 땀이 나는 정도,"9,5",50000,실외,끝나면 기진맥진 고강도,높음/컨디션 양호,26
다이어트,끝나면 기진맥진 고강도,"7,6",10000,상관없음,,매우 지침/피로함,26
체력 증진,가벼운 웜업 위주,"9,5",50000,상관없음,"땀이 흐를 정도의 중강도,끝나면 기진맥진 고강도",높음/컨디션 양호,26
스트레스 해소,가벼운 웜업 위주,1,70000,실외,,높음/컨디션 양호,26
체력 증진,살짝 땀이 나는 정도,9,30000,상관없음,끝나면 기진맥진 고강도,평범함,26
체력 증진,살짝 땀이 나는 정도,9,30000,상관없음,"땀이 흐를 정도의 중강도,끝나면 기진맥진 고강도",평범함,26
체력 증진,살짝 땀이 나는 정도,"7,1",10000,상관없음,"땀이 흐를 정도의 중강도,가벼운 웜업 위주",매우 지침/피로함,26
체력 증진,살짝 땀이 나는 정도,"9,5",100000,상관없음,"땀이 흐를 정도의 중강도,끝나면 기진맥진 고강도",매우 지침/피로함,26
체력 증진,가벼운 웜업 위주,"9,5",30000,상관없음,"땀이 흐를 정도의 중강도,끝나면 기진맥진 고강도",평범함,26
체력 증진,가벼운 웜업 위주,"9,5",50000,상관없음,끝나면 기진맥진 고강도,평범함,26
체력 증진,가벼운 웜업 위주,5,70000,상관없음,땀이 흐를 정도의 중강도,평범함,26
체력 증진,가벼운 웜업 위주,5,100000,실외,끝나면 기진맥진 고강도,높음/컨디션 양호,26
체력 증진,살짝 땀이 나는 정도,9,30000,실외,땀이 흐를 정도의 중강도,높음/컨디션 양호,26
스트레스 해소,끝나면 기진맥진 고강도,2,10000,실내,,높음/컨디션 양호,26
체력 증진,살짝 땀이 나는 정도,9,50000,실외,끝나면 기진맥진 고강도,평범함,26
"회복(통증완화, 재활 등)",살짝 땀이 나는 정도,8,10000,실내,가벼운 웜업 위주,평범함,26
체력 증진,살짝 땀이 나는 정도,"9,5",100000,상관없음,"땀이 흐를 정도의 중강도,끝나면 기진맥진 고강도",매우 지침/피로함,26
취미 탐색,가벼운 웜업 위주,7,70000,상관없음,,평범함,26
체력 증진,살짝 땀이 나는 정도,"9,5",50000,상관없음,"땀이 흐를 정도의 중강도,끝나면 기진맥진 고강도",높음/컨디션 양호,26
체력 증진,가벼운 웜업 위주,9,50000,상관없음,땀이 흐를 정도의 중강도,평범함,26
체력 증진,가벼운 웜업 위주,5,50000,상관없음,끝나면 기진맥진 고강도,평범함,26
체력 증진,가벼운 웜업 위주,5,10000,상관없음,끝나면 기진맥진 고강도,높음/컨디션 양호,26
체력 증진,가벼운 웜업 위주,9,50000,상관없음,"땀이 흐를 정도의 중강도,끝나면 기진맥진 고강도",매우 지침/피로함,26
체력 증진,살짝 땀이 나는 정도,"4,7",70000,상관없음,,매우 지침/피로함,26
체력 증진,가벼운 웜업 위주,"9,5",30000,상관없음,끝나면 기진맥진 고강도,높음/컨디션 양호,26
체력 증진,땀이 흐를 정도의 중강도,2,100000,상관없음,,높음/컨디션 양호,26
체력 증진,살짝 땀이 나는 정도,"9,5",50000,실내,땀이 흐를 정도의 중강도,매우 지침/피로함,26
체력 증진,가벼운 웜업 위주,9,30000,실내,끝나면 기진맥진 고강도,평범함,26
스트레스 해소,가벼운 웜업 위주,"4,6",10000,실외,땀이 흐를 정도의 중강도,평범함,26
체력 증진,살짝 땀이 나는 정도,"9,5",50000,상관없음,끝나면 기진맥진 고강도,높음/컨디션 양호,26
체력 증진,가벼운 웜업 위주,9,30000,상관없음,"땀이 흐를 정도의 중강도,끝나면 기진맥진 고강도",높음/컨디션 양호,26
체력 증진,살짝 땀이 나는 정도,9,50000,상관없음,끝나면 기진맥진 고강도,높음/컨디션 양호,26
다이어트,땀이 흐를 정도의 중강도,"6,5",50000,실내,,높음/컨디션 양호,27
다이어트,끝나면 기진맥진 고강도,1,10000,실외,,높음/컨디션 양호,27
다이어트,땀이 흐를 정도의 중강도,5,70000,실내,,평범함,27
취미 탐색,살짝 땀이 나는 정도,1,10000,실외,끝나면 기진맥진 고강도,평범함,27
다이어트,땀이 흐를 정도의 중강도,5,100000,실내,끝나면 기진맥진 고강도,높음/컨디션 양호,27
다이어트,땀이 흐를 정도의 중강도,6,50000,실외,,매우 지침/피로함,27
취미 탐색,끝나면 기진맥진 고강도,"7,4",70000,상관없음,땀이 흐를 정도의 중강도,매우 지침/피로함,27
다이어트,땀이 흐를 정도의 중강도,"6,5",50000,실내,끝나면 기진맥진 고강도,높음/컨디션 양호,27
체력 증진,살짝 땀이 나는 정도,4,10000,실내,,평범함,27
다이어트,땀이 흐를 정도의 중강도,"6,5",50000,상관없음,,평범함,27
다이어트,살짝 땀이 나는 정도,"8,3",70000,상관없음,,높음/컨디션 양호,27
다이어트,땀이 흐를 정도의 중강도,6,70000,실내,,매우 지침/피로함,27
취미 탐색,끝나면 기진맥진 고강도,"1,3",100000,실외,,매우 지침/피로함,27
다이어트,땀이 흐를 정도의 중강도,5,30000,실외,끝나면 기진맥진 고강도,높음/컨디션 양호,27
다이어트,땀이 흐를 정도의 중강도,"6,5",50000,실내,,높음/컨디션 양호,27
"회복(통증완화, 재활 등)",가벼운 웜업 위주,4,10000,상관없음,,매우 지침/피로함,27
다이어트,땀이 흐를 정도의 중강도,"6,5",70000,실내,,높음/컨디션 양호,27
다이어트,땀이 흐를 정도의 중강도,6,30000,실내,,평범함,27
다이어트,땀이 흐를 정도의 중강도,6,70000,실내,끝나면 기진맥진 고강도,높음/컨디션 양호,27
"회복(통증완화, 재활 등)",가벼운 웜업 위주,"8,4",10000,상관없음,,평범함,27
다이어트,땀이 흐를 정도의 중강도,6,100000,실내,끝나면 기진맥진 고강도,높음/컨디션 양호,27
다이어트,가벼운 웜업 위주,"1,7",70000,실내,가벼운 웜업 위주,매우 지침/피로함,27
다이어트,땀이 흐를 정도의 중강도,6,30000,실내,끝나면 기진맥진 고강도,높음/컨디션 양호,27
다이어트,땀이 흐를 정도의 중강도,"6,5",30000,실내,끝나면 기진맥진 고강도,높음/컨디션 양호,27
체력 증진,살짝 땀이 나는 정도,"7,2",70000,실외,,평범함,27
다이어트,땀이 흐를 정도의 중강도,6,30000,실내,,평범함,27
다이어트,땀이 흐를 정도의 중강도,"6,5",50000,실내,,매우 지침/피로함,27
다이어트,땀이 흐를 정도의 중강도,"6,5",50000,실내,끝나면 기진맥진 고강도,평범함,27
"회복(통증완화, 재활 등)",끝나면 기진맥진 고강도,8,100000,실내,,높음/컨디션 양호,27
다이어트,땀이 흐를 정도의 중강도,6,30000,실외,끝나면 기진맥진 고강도,높음/컨디션 양호,27
다이어트,땀이 흐를 정도의 중강도,6,30000,실내,,매우 지침/피로함,27
스트레스 해소,살짝 땀이 나는 정도,9,70000,상관없음,"가벼운 웜업 위주,땀이 흐를 정도의 중강도",평범함,27
다이어트,땀이 흐를 정도의 중강도,6,30000,실외,,평범함,27
"회복(통증완화, 재활 등)",땀이 흐를 정도의 중강도,2,50000,실내,,평범함,28
"회복(통증완화, 재활 등)",땀이 흐를 정도의 중강도,2,30000,실외,끝나면 기진맥진 고강도,평범함,28
"회복(통증완화, 재활 등)",땀이 흐를 정도의 중강도,3,30000,실내,끝나면 기진맥진 고강도,매우 지침/피로함,28
"회복(통증완화, 재활 등)",땀이 흐를 정도의 중강도,3,30000,실내,,매우 지침/피로함,28
"회복(통증완화, 재활 등)",땀이 흐를 정도의 중강도,"2,3",30000,상관없음,끝나면 기진맥진 고강도,매우 지침/피로함,28
"회복(통증완화, 재활 등)",땀이 흐를 정도의 중강도,2,70000,실내,,평범함,28
"회복(통증완화, 재활 등)",가벼운 웜업 위주,"6,9",70000,상관없음,가벼운 웜업 위주,높음/컨디션 양호,28
"회복(통증완화, 재활 등)",땀이 흐를 정도의 중강도,2,50000,상관없음,끝나면 기진맥진 고강도,평범함,28
"회복(통증완화, 재활 등)",살짝 땀이 나는 정도,6,10000,실내,,높음/컨디션 양호,28
"회복(통증완화, 재활 등)",땀이 흐를 정도의 중강도,"2,3",50000,상관없음,,평범함,28
"회복(통증완화, 재활 등)",땀이 흐를 정도의 중강도,"2,3",30000,실내,끝나면 기진맥진 고강도,평범함,28
"회복(통증완화, 재활 등)",땀이 흐를 정도의 중강도,"2,3",30000,실내,,평범함,28
"회복(통증완화, 재활 등)",땀이 흐를 정도의 중강도,"2,3",30000,실내,끝나면 기진맥진 고강도,평범함,28
"회복(통증완화, 재활 등)",땀이 흐를 정도의 중강도,"2,3",30000,상관없음,,평범함,28
"회복(통증완화, 재활 등)",땀이 흐를 정도의 중강도,3,50000,실외,끝나면 기진맥진 고강도,평범함,28
"회복(통증완화, 재활 등)",땀이 흐를 정도의 중강도,"2,3",10000,실외,,평범함,28
체력 증진,끝나면 기진맥진 고강도,"4,6",100000,실외,끝나면 기진맥진 고강도,평범함,28
"회복(통증완화, 재활 등)",땀이 흐를 정도의 중강도,2,30000,상관없음,,매우 지침/피로함,28
"회복(통증완화, 재활 등)",땀이 흐를 정도의 중강도,2,30000,실내,끝나면 기진맥진 고강도,평범함,28
"회복(통증완화, 재활 등)",땀이 흐를 정도의 중강도,"2,3",30000,실내,끝나면 기진맥진 고강도,평범함,28
"회복(통증완화, 재활 등)",땀이 흐를 정도의 중강도,2,50000,상관없음,,평범함,28
"회복(통증완화, 재활 등)",땀이 흐를 정도의 중강도,2,30000,실내,끝나면 기진맥진 고강도,평범함,28
"회복(통증완화, 재활 등)",땀이 흐를 정도의 중강도,3,70000,실내,,평범함,28
"회복(통증완화, 재활 등)",땀이 흐를 정도의 중강도,"2,3",30000,실내,,평범함,28
"회복(통증완화, 재활 등)",땀이 흐를 정도의 중강도,"2,3",10000,실내,끝나면 기진맥진 고강도,평범함,28
"회복(통증완화, 재활 등)",땀이 흐를 정도의 중강도,"2,3",30000,상관없음,끝나면 기진맥진 고강도,평범함,28
"회복(통증완화, 재활 등)",땀이 흐를 정도의 중강도,"2,3",50000,상관없음,끝나면 기진맥진 고강도,평범함,28
"회복(통증완화, 재활 등)",땀이 흐를 정도의 중강도,"2,3",50000,실내,,평범함,28
"회복(통증완화, 재활 등)",끝나면 기진맥진 고강도,"8,7",70000,상관없음,"끝나면 기진맥진 고강도,땀이 흐를 정도의 중강도",평범함,28
"회복(통증완화, 재활 등)",땀이 흐를 정도의 중강도,"2,3",100000,상관없음,끝나면 기진맥진 고강도,매우 지침/피로함,28
"회복(통증완화, 재활 등)",땀이 흐를 정도의 중강도,3,50000,실내,끝나면 기진맥진 고강도,매우 지침/피로함,28
"회복(통증완화, 재활 등)",땀이 흐를 정도의 중강도,2,30000,실내,,평범함,28
"회복(통증완화, 재활 등)",살짝 땀이 나는 정도,8,100000,상관없음,끝나면 기진맥진 고강도,평범함,28
취미 탐색,가벼운 웜업 위주,"6,9",100000,실외,가벼운 웜업 위주,평범함,29
취미 탐색,땀이 흐를 정도의 중강도,7,10000,실내,끝나면 기진맥진 고강도,평범함,29
다이어트,끝나면 기진맥진 고강도,"4,3",50000,실내,가벼운 웜업 위주,매우 지침/피로함,29
취미 탐색,땀이 흐를 정도의 중강도,8,50000,실외,끝나면 기진맥진 고강도,높음/컨디션 양호,29
취미 탐색,땀이 흐를 정도의 중강도,7,50000,상관없음,,평범함,29
취미 탐색,땀이 흐를 정도의 중강도,"7,8",30000,상관없음,끝나면 기진맥진 고강도,높음/컨디션 양호,29
취미 탐색,땀이 흐를 정도의 중강도,"7,8",30000,실외,,평범함,29
취미 탐색,끝나면 기진맥진 고강도,"9,6",30000,상관없음,,평범함,29
취미 탐색,땀이 흐를 정도의 중강도,"7,8",70000,실외,끝나면 기진맥진 고강도,평범함,29
취미 탐색,땀이 흐를 정도의 중강도,"7,8",100000,실외,끝나면 기진맥진 고강도,평범함,29
취미 탐색,땀이 흐를 정도의 중강도,7,50000,상관없음,,매우 지침/피로함,29
취미 탐색,땀이 흐를 정도의 중강도,"7,8",30000,실외,끝나면 기진맥진 고강도,평범함,29
취미 탐색,땀이 흐를 정도의 중강도,7,30000,실외,,높음/컨디션 양호,29
취미 탐색,땀이 흐를 정도의 중강도,7,50000,실외,,평범함,29
스트레스 해소,살짝 땀이 나는 정도,"1,9",70000,상관없음,끝나면 기진맥진 고강도,평범함,29
취미 탐색,땀이 흐를 정도의 중강도,"7,8",30000,상관없음,,높음/컨디션 양호,29
취미 탐색,땀이 흐를 정도의 중강도,"7,8",30000,실외,끝나면 기진맥진 고강도,높음/컨디션 양호,29
취미 탐색,땀이 흐를 정도의 중강도,"7,8",50000,실외,,평범함,29
취미 탐색,땀이 흐를 정도의 중강도,8,70000,실외,끝나면 기진맥진 고강도,평범함,29
취미 탐색,땀이 흐를 정도의 중강도,"7,8",100000,실외,끝나면 기진맥진 고강도,평범함,29
취미 탐색,땀이 흐를 정도의 중강도,"7,8",100000,상관없음,끝나면 기진맥진 고강도,매우 지침/피로함,29
취미 탐색,땀이 흐를 정도의 중강도,"7,8",30000,실외,끝나면 기진맥진 고강도,매우 지침/피로함,29
취미 탐색,땀이 흐를 정도의 중강도,8,10000,실외,끝나면 기진맥진 고강도,평범함,29
취미 탐색,땀이 흐를 정도의 중강도,8,10000,실외,,높음/컨디션 양호,29
취미 탐색,땀이 흐를 정도의 중강도,"7,8",30000,실외,끝나면 기진맥진 고강도,높음/컨디션 양호,29
스트레스 해소,살짝 땀이 나는 정도,5,100000,실내,가벼운 웜업 위주,매우 지침/피로함,29
취미 탐색,땀이 흐를 정도의 중강도,7,100000,상관없음,끝나면 기진맥진 고강도,평범함,29
취미 탐색,땀이 흐를 정도의 중강도,"7,8",50000,실외,끝나면 기진맥진 고강도,평범함,29
취미 탐색,땀이 흐를 정도의 중강도,8,30000,상관없음,끝나면 기진맥진 고강도,평범함,29
"회복(통증완화, 재활 등)",끝나면 기진맥진 고강도,7,70000,실외,,높음/컨디션 양호,29
취미 탐색,땀이 흐를 정도의 중강도,7,50000,실외,끝나면 기진맥진 고강도,평범함,29
취미 탐색,땀이 흐를 정도의 중강도,8,30000,실외,끝나면 기진맥진 고강도,높음/컨디션 양호,29
다이어트,가벼운 웜업 위주,3,100000,실외,,평범함,29
스트레스 해소,살짝 땀이 나는 정도,9,30000,상관없음,"땀이 흐를 정도의 중강도,끝나면 기진맥진 고강도",평범함,30
스트레스 해소,살짝 땀이 나는 정도,9,30000,상관없음,끝나면 기진맥진 고강도,평범함,30
스트레스 해소,가벼운 웜업 위주,"9,6",50000,상관없음,땀이 흐를 정도의 중강도,평범함,30
스트레스 해소,가벼운 웜업 위주,6,100000,상관없음,끝나면 기진맥진 고강도,평범함,30
스트레스 해소,가벼운 웜업 위주,9,70000,상관없음,"땀이 흐를 정도의 중강도,끝나면 기진맥진 고강도",높음/컨디션 양호,30
스트레스 해소,가벼운 웜업 위주,"9,6",30000,상관없음,땀이 흐를 정도의 중강도,평범함,30
스트레스 해소,끝나면 기진맥진 고강도,2,100000,상관없음,땀이 흐를 정도의 중강도,매우 지침/피로함,30
스트레스 해소,가벼운 웜업 위주,"9,6",50000,상관없음,"땀이 흐를 정도의 중강도,끝나면 기진맥진 고강도",평범함,30
스트레스 해소,가벼운 웜업 위주,"9,6",100000,상관없음,끝나면 기진맥진 고강도,높음/컨디션 양호,30
다이어트,끝나면 기진맥진 고강도,"1,3",30000,실내,,평범함,30
스트레스 해소,가벼운 웜업 위주,6,50000,실외,"땀이 흐를 정도의 중강도,끝나면 기진맥진 고강도",높음/컨디션 양호,30
스트레스 해소,가벼운 웜업 위주,3,10000,실외,땀이 흐를 정도의 중강도,매우 지침/피로함,30
스트레스 해소,살짝 땀이 나는 정도,9,50000,상관없음,끝나면 기진맥진 고강도,높음/컨디션 양호,30
스트레스 해소,살짝 땀이 나는 정도,6,30000,실외,"땀이 흐를 정도의 중강도,끝나면 기진맥진 고강도",높음/컨디션 양호,30
취미 탐색,살짝 땀이 나는 정도,"3,7",70000,실내,,평범함,30
스트레스 해소,가벼운 웜업 위주,9,50000,상관없음,땀이 흐를 정도의 중강도,평범함,30
스트레스 해소,가벼운 웜업 위주,6,50000,상관없음,끝나면 기진맥진 고강도,높음/컨디션 양호,30
스트레스 해소,가벼운 웜업 위주,9,30000,상관없음,땀이 흐를 정도의 중강도,높음/컨디션 양호,30
스트레스 해소,가벼운 웜업 위주,6,30000,실내,끝나면 기진맥진 고강도,높음/컨디션 양호,30
스트레스 해소,가벼운 웜업 위주,9,30000,실내,끝나면 기진맥진 고강도,높음/컨디션 양호,30
스트레스 해소,가벼운 웜업 위주,9,30000,실내,끝나면 기진맥진 고강도,높음/컨디션 양호,30
"회복(통증완화, 재활 등)",끝나면 기진맥진 고강도,2,70000,실내,땀이 흐를 정도의 중강도,매우 지침/피로함,30
스트레스 해소,살짝 땀이 나는 정도,"9,6",30000,상관없음,"땀이 흐를 정도의 중강도,끝나면 기진맥진 고강도",높음/컨디션 양호,30
스트레스 해소,가벼운 웜업 위주,"9,6",50000,실내,끝나면 기진맥진 고강도,평범함,30
스트레스 해소,가벼운 웜업 위주,6,50000,상관없음,끝나면 기진맥진 고강도,높음/컨디션 양호,30
스트레스 해소,가벼운 웜업 위주,6,100000,실외,땀이 흐를 정도의 중강도,높음/컨디션 양호,30
스트레스 해소,가벼운 웜업 위주,9,30000,실외,끝나면 기진맥진 고강도,평범함,30
스트레스 해소,살짝 땀이 나는 정도,1,70000,상관없음,,매우 지침/피로함,30
스트레스 해소,가벼운 웜업 위주,9,50000,실외,"땀이 흐를 정도의 중강도,끝나면 기진맥진 고강도",높음/컨디션 양호,30
스트레스 해소,가벼운 웜업 위주,"9,6",50000,실외,"땀이 흐를 정도의 중강도,끝나면 기진맥진 고강도",평범함,30
스트레스 해소,가벼운 웜업 위주,9,30000,상관없음,땀이 흐를 정도의 중강도,평범함,30
스트레스 해소,가벼운 웜업 위주,6,50000,실내,땀이 흐를 정도의 중강도,높음/컨디션 양호,30
스트레스 해소,가벼운 웜업 위주,9,100000,실내,땀이 흐를 정도의 중강도,평범함,30
